{"stats":{"minecraft:dropped":{"minecraft:iron_nugget":45,"minecraft:raw_copper":7,"minecraft:cobblestone":57,"minecraft:knowledge_book":4,"minecraft:granite":1,"minecraft:cracked_stone_bricks":4,"minecraft:leather_helmet":1,"minecraft:chainmail_chestplate":1,"supplementaries:flax_seeds":2,"supplementaries:ash":2,"minecraft:gunpowder":2,"minecraft:torch":15,"minecraft:andesite":1,"minecraft:chainmail_boots":1,"minecraft:gold_nugget":12,"minecraft:arrow":12,"minecraft:stone_pickaxe":2,"minecraft:chainmail_leggings":2,"minecraft:bone":3},"minecraft:mined":{"minecraft:diamond_ore":1,"minecraft:deepslate_diamond_ore":1,"minecraft:polished_granite":1,"born_in_chaos_v1:infected_diamond_ore":4,"minecraft:crafting_table":5,"minecraft:torch":1,"minecraft:granite":1,"minecraft:grass_block":1,"minecraft:cobblestone":21,"minecraft:copper_ore":1,"minecraft:wall_torch":5,"minecraft:spawner":1,"supplementaries:urn":17,"minecraft:birch_planks":8,"realmrpg_skeletons:bow_skeleton":1,"minecraft:furnace":1,"minecraft:birch_log":4,"minecraft:iron_ore":42,"minecraft:andesite":2,"minecraft:birch_leaves":2,"minecraft:grass":1,"minecraft:bookshelf":2,"minecraft:deepslate_iron_ore":9,"minecraft:iron_bars":4,"minecraft:gravel":2,"minecraft:cyan_carpet":1,"minecraft:cracked_stone_bricks":4,"minecraft:stone":61,"minecraft:stone_bricks":1,"pots_and_mimics:treasure_pot":8,"minecraft:deepslate":5},"minecraft:picked_up":{"minecraft:birch_log":6,"born_in_chaos_v1:diamond_termite_shard":5,"minecraft:crafting_table":5,"minecraft:andesite":2,"minecraft:birch_planks":8,"paraglider:spirit_orb":2,"supplementaries:flax_seeds":2,"minecraft:gunpowder":2,"minecraft:dirt":1,"minecraft:raw_copper":7,"minecraft:polished_granite":1,"minecraft:bone":12,"minecraft:cracked_stone_bricks":4,"minecraft:gold_nugget":12,"minecraft:cobbled_deepslate":4,"minecraft:raw_gold":3,"minecraft:iron_ingot":6,"minecraft:stone_pickaxe":1,"minecraft:iron_nugget":67,"minecraft:furnace":1,"minecraft:book":6,"minecraft:raw_iron":51,"minecraft:torch":35,"minecraft:gravel":2,"born_in_chaos_v1:pieceofdarkmetal":1,"minecraft:arrow":8,"minecraft:rotten_flesh":4,"minecraft:diamond":2,"minecraft:chainmail_leggings":1,"minecraft:granite":1,"minecraft:gold_ingot":4,"minecraft:emerald":12,"supplementaries:ash":19,"minecraft:iron_bars":4,"minecraft:coal":22,"minecraft:cobblestone":79},"minecraft:killed":{"minecraft:zombie_villager":1,"born_in_chaos_v1:diamond_termite":6,"minecraft:zombie":2},"minecraft:custom":{"lootr:looted_stat":21,"minecraft:interact_with_furnace":16,"minecraft:mob_kills":9,"minecraft:interact_with_crafting_table":33,"minecraft:leave_game":2,"minecraft:time_since_death":52987,"minecraft:climb_one_cm":913,"minecraft:damage_resisted":40,"minecraft:time_since_rest":53051,"minecraft:sprint_one_cm":134581,"minecraft:damage_taken":1596,"minecraft:walk_one_cm":141613,"minecraft:drop":32,"minecraft:damage_dealt":1573,"minecraft:damage_dealt_absorbed":41,"minecraft:fly_one_cm":54332,"minecraft:crouch_one_cm":15281,"minecraft:play_time":67600,"minecraft:deaths":3,"minecraft:sneak_time":5683,"minecraft:jump":412,"minecraft:walk_on_water_one_cm":896,"minecraft:total_world_time":67600,"minecraft:fall_one_cm":15910},"minecraft:used":{"minecraft:knowledge_book":10,"minecraft:iron_bars":4,"minecraft:stone_sword":31,"create:lime_toolbox":1,"minecraft:birch_planks":7,"minecraft:stone_pickaxe":120,"minecraft:torch":19,"minecraft:dirt":1,"minecraft:crafting_table":6,"minecraft:melon_slice":2,"minecraft:iron_pickaxe":67,"minecraft:gravel":2,"minecraft:stone_axe":30,"minecraft:cobblestone":60,"minecraft:furnace":1,"minecraft:cooked_porkchop":2,"minecraft:andesite":1,"minecraft:cobbled_deepslate":4},"minecraft:crafted":{"minecraft:crafting_table":1,"minecraft:iron_helmet":1,"minecraft:birch_planks":68,"minecraft:stone_axe":1,"minecraft:air":0,"minecraft:iron_chestplate":1,"minecraft:iron_boots":1,"minecraft:stick":8,"minecraft:iron_ingot":21,"minecraft:iron_pickaxe":1,"minecraft:stone_pickaxe":1,"minecraft:iron_leggings":1,"minecraft:torch":12},"minecraft:killed_by":{"minecraft:skeleton":2}},"DataVersion":3465}