{"stats":{"minecraft:dropped":{"minecraft:iron_nugget":27,"minecraft:torch":15,"minecraft:stone_pickaxe":1,"minecraft:cracked_stone_bricks":4},"minecraft:mined":{"minecraft:birch_planks":8,"minecraft:birch_log":4,"minecraft:iron_ore":11,"minecraft:birch_leaves":2,"minecraft:polished_granite":1,"minecraft:crafting_table":2,"minecraft:grass":1,"minecraft:bookshelf":2,"minecraft:grass_block":1,"minecraft:iron_bars":4,"minecraft:cyan_carpet":1,"minecraft:cobblestone":18,"minecraft:copper_ore":1,"minecraft:cracked_stone_bricks":4,"minecraft:stone_bricks":1,"minecraft:stone":43,"pots_and_mimics:treasure_pot":1,"minecraft:wall_torch":2,"supplementaries:urn":2,"minecraft:spawner":1},"minecraft:picked_up":{"minecraft:birch_log":6,"minecraft:crafting_table":2,"minecraft:raw_iron":11,"minecraft:torch":17,"minecraft:birch_planks":8,"paraglider:spirit_orb":2,"minecraft:dirt":1,"minecraft:raw_copper":5,"minecraft:polished_granite":1,"minecraft:rotten_flesh":4,"minecraft:cracked_stone_bricks":4,"minecraft:stone_pickaxe":1,"minecraft:iron_ingot":1,"minecraft:emerald":4,"minecraft:iron_nugget":54,"minecraft:iron_bars":4,"minecraft:book":6,"minecraft:cobblestone":62},"minecraft:killed":{"minecraft:zombie":2,"minecraft:zombie_villager":1},"minecraft:custom":{"minecraft:time_since_rest":35351,"lootr:looted_stat":18,"minecraft:interact_with_furnace":4,"minecraft:sprint_one_cm":91814,"minecraft:damage_taken":1253,"minecraft:walk_one_cm":100199,"minecraft:mob_kills":3,"minecraft:drop":5,"minecraft:damage_dealt":733,"minecraft:damage_dealt_absorbed":41,"minecraft:interact_with_crafting_table":13,"minecraft:fly_one_cm":26002,"minecraft:crouch_one_cm":8971,"minecraft:play_time":49900,"minecraft:deaths":3,"minecraft:sneak_time":3804,"minecraft:jump":213,"minecraft:leave_game":1,"minecraft:time_since_death":35287,"minecraft:climb_one_cm":248,"minecraft:total_world_time":49900,"minecraft:fall_one_cm":11264},"minecraft:used":{"minecraft:knowledge_book":10,"minecraft:iron_bars":4,"minecraft:stone_sword":2,"create:lime_toolbox":1,"minecraft:birch_planks":4,"minecraft:stone_pickaxe":91,"minecraft:stone_axe":18,"minecraft:torch":9,"minecraft:dirt":1,"minecraft:cobblestone":36,"minecraft:crafting_table":3,"minecraft:cooked_porkchop":2},"minecraft:crafted":{"minecraft:crafting_table":1,"minecraft:stick":8,"minecraft:iron_ingot":3,"minecraft:stone_pickaxe":1,"minecraft:torch":12,"minecraft:birch_planks":68,"minecraft:stone_axe":1},"minecraft:killed_by":{"minecraft:skeleton":2}},"DataVersion":3465}