{"stats":{"minecraft:killed":{"minecraft:zombie":2},"minecraft:used":{"minecraft:knowledge_book":10,"minecraft:iron_bars":2,"create:lime_toolbox":1,"minecraft:birch_planks":4,"minecraft:stone_pickaxe":14,"minecraft:stone_axe":7,"minecraft:torch":2,"minecraft:cobblestone":2,"minecraft:crafting_table":2},"minecraft:custom":{"minecraft:time_since_rest":10099,"minecraft:sprint_one_cm":13259,"minecraft:interact_with_furnace":4,"minecraft:damage_taken":740,"minecraft:walk_one_cm":39107,"minecraft:mob_kills":2,"minecraft:damage_dealt":402,"minecraft:interact_with_crafting_table":12,"minecraft:fly_one_cm":4146,"minecraft:crouch_one_cm":1927,"minecraft:play_time":11955,"minecraft:deaths":1,"minecraft:sneak_time":960,"minecraft:jump":68,"minecraft:time_since_death":10066,"minecraft:climb_one_cm":248,"minecraft:total_world_time":11955,"minecraft:fall_one_cm":9011},"minecraft:crafted":{"minecraft:crafting_table":1,"minecraft:stick":8,"minecraft:stone_pickaxe":1,"minecraft:birch_planks":16,"minecraft:torch":12,"minecraft:stone_axe":1},"minecraft:picked_up":{"minecraft:birch_log":2,"minecraft:raw_iron":2,"minecraft:crafting_table":1,"minecraft:birch_planks":4,"paraglider:spirit_orb":2,"minecraft:polished_granite":1,"minecraft:rotten_flesh":2,"minecraft:iron_bars":4,"minecraft:cobblestone":8},"minecraft:mined":{"minecraft:birch_planks":4,"minecraft:iron_ore":4,"minecraft:birch_leaves":2,"minecraft:polished_granite":1,"minecraft:crafting_table":1,"minecraft:grass":1,"minecraft:iron_bars":4,"minecraft:cobblestone":3,"minecraft:spawner":1}},"DataVersion":3465}