{"stats":{"minecraft:dropped":{"minecraft:torch":3},"minecraft:mined":{"minecraft:birch_planks":6,"minecraft:birch_log":4,"minecraft:iron_ore":6,"minecraft:birch_leaves":2,"minecraft:polished_granite":1,"minecraft:crafting_table":1,"minecraft:grass":1,"minecraft:bookshelf":2,"minecraft:grass_block":1,"minecraft:iron_bars":4,"minecraft:cobblestone":12,"minecraft:copper_ore":1,"minecraft:stone":24,"minecraft:wall_torch":1,"minecraft:spawner":1},"minecraft:picked_up":{"minecraft:birch_log":6,"minecraft:crafting_table":1,"minecraft:raw_iron":6,"minecraft:torch":4,"minecraft:birch_planks":6,"paraglider:spirit_orb":2,"minecraft:dirt":1,"minecraft:raw_copper":5,"minecraft:polished_granite":1,"minecraft:rotten_flesh":4,"minecraft:iron_bars":4,"minecraft:book":6,"minecraft:cobblestone":37},"minecraft:killed":{"minecraft:zombie":2,"minecraft:zombie_villager":1},"minecraft:custom":{"minecraft:time_since_rest":23351,"lootr:looted_stat":3,"minecraft:interact_with_furnace":4,"minecraft:sprint_one_cm":47756,"minecraft:damage_taken":1245,"minecraft:walk_one_cm":81668,"minecraft:mob_kills":3,"minecraft:drop":1,"minecraft:damage_dealt":733,"minecraft:damage_dealt_absorbed":41,"minecraft:interact_with_crafting_table":12,"minecraft:fly_one_cm":17432,"minecraft:crouch_one_cm":7128,"minecraft:play_time":37900,"minecraft:deaths":3,"minecraft:sneak_time":2938,"minecraft:jump":155,"minecraft:leave_game":1,"minecraft:time_since_death":23287,"minecraft:climb_one_cm":248,"minecraft:total_world_time":37900,"minecraft:fall_one_cm":10184},"minecraft:used":{"minecraft:knowledge_book":10,"minecraft:iron_bars":4,"minecraft:stone_sword":2,"create:lime_toolbox":1,"minecraft:birch_planks":4,"minecraft:stone_pickaxe":51,"minecraft:stone_axe":15,"minecraft:torch":4,"minecraft:dirt":1,"minecraft:cobblestone":18,"minecraft:crafting_table":2},"minecraft:crafted":{"minecraft:crafting_table":1,"minecraft:stick":8,"minecraft:stone_pickaxe":1,"minecraft:torch":12,"minecraft:birch_planks":68,"minecraft:stone_axe":1},"minecraft:killed_by":{"minecraft:skeleton":2}},"DataVersion":3465}