{"stats":{"minecraft:killed":{"minecraft:zombie":2,"minecraft:zombie_villager":1},"minecraft:used":{"minecraft:knowledge_book":10,"minecraft:iron_bars":4,"minecraft:stone_sword":2,"create:lime_toolbox":1,"minecraft:birch_planks":4,"minecraft:stone_pickaxe":39,"minecraft:stone_axe":11,"minecraft:torch":3,"minecraft:dirt":1,"minecraft:cobblestone":16,"minecraft:crafting_table":2},"minecraft:custom":{"minecraft:time_since_rest":6225,"minecraft:sprint_one_cm":41919,"minecraft:interact_with_furnace":4,"minecraft:damage_taken":1245,"minecraft:walk_one_cm":74917,"minecraft:mob_kills":3,"minecraft:damage_dealt":733,"minecraft:damage_dealt_absorbed":41,"minecraft:interact_with_crafting_table":12,"minecraft:fly_one_cm":16023,"minecraft:crouch_one_cm":6787,"minecraft:play_time":20774,"minecraft:deaths":3,"minecraft:sneak_time":2817,"minecraft:jump":151,"minecraft:leave_game":1,"minecraft:time_since_death":6161,"minecraft:climb_one_cm":248,"minecraft:total_world_time":20774,"minecraft:fall_one_cm":10184},"minecraft:crafted":{"minecraft:crafting_table":1,"minecraft:stick":8,"minecraft:stone_pickaxe":1,"minecraft:birch_planks":32,"minecraft:torch":12,"minecraft:stone_axe":1},"minecraft:picked_up":{"minecraft:birch_log":6,"minecraft:raw_iron":6,"minecraft:crafting_table":1,"minecraft:birch_planks":4,"paraglider:spirit_orb":2,"minecraft:dirt":1,"minecraft:raw_copper":5,"minecraft:polished_granite":1,"minecraft:rotten_flesh":4,"minecraft:iron_bars":4,"minecraft:cobblestone":26},"minecraft:killed_by":{"minecraft:skeleton":2},"minecraft:mined":{"minecraft:birch_planks":4,"minecraft:birch_log":4,"minecraft:iron_ore":6,"minecraft:birch_leaves":2,"minecraft:polished_granite":1,"minecraft:crafting_table":1,"minecraft:grass":1,"minecraft:grass_block":1,"minecraft:iron_bars":4,"minecraft:copper_ore":1,"minecraft:cobblestone":12,"minecraft:stone":13,"minecraft:spawner":1}},"DataVersion":3465}