{"stats":{"minecraft:dropped":{"minecraft:iron_nugget":27,"minecraft:torch":15,"minecraft:granite":1,"minecraft:stone_pickaxe":1,"minecraft:cracked_stone_bricks":4},"minecraft:mined":{"minecraft:birch_planks":8,"minecraft:birch_log":4,"minecraft:iron_ore":23,"minecraft:birch_leaves":2,"minecraft:polished_granite":1,"minecraft:crafting_table":2,"minecraft:granite":1,"minecraft:grass":1,"minecraft:bookshelf":2,"minecraft:grass_block":1,"minecraft:iron_bars":4,"minecraft:cyan_carpet":1,"minecraft:cobblestone":20,"minecraft:copper_ore":1,"minecraft:cracked_stone_bricks":4,"minecraft:stone_bricks":1,"minecraft:stone":51,"pots_and_mimics:treasure_pot":3,"minecraft:wall_torch":3,"supplementaries:urn":3,"minecraft:spawner":1},"minecraft:picked_up":{"minecraft:birch_log":6,"minecraft:crafting_table":2,"minecraft:raw_iron":23,"minecraft:torch":17,"minecraft:birch_planks":8,"paraglider:spirit_orb":2,"minecraft:dirt":1,"minecraft:raw_copper":7,"minecraft:polished_granite":1,"minecraft:rotten_flesh":4,"minecraft:cracked_stone_bricks":4,"minecraft:granite":1,"minecraft:stone_pickaxe":1,"minecraft:iron_ingot":1,"minecraft:emerald":6,"minecraft:iron_nugget":54,"minecraft:iron_bars":4,"minecraft:book":6,"minecraft:cobblestone":72},"minecraft:killed":{"minecraft:zombie":2,"minecraft:zombie_villager":1},"minecraft:custom":{"minecraft:time_since_rest":41351,"lootr:looted_stat":20,"minecraft:interact_with_furnace":5,"minecraft:sprint_one_cm":107837,"minecraft:damage_taken":1268,"minecraft:walk_one_cm":109899,"minecraft:mob_kills":3,"minecraft:drop":6,"minecraft:damage_dealt":733,"minecraft:damage_dealt_absorbed":41,"minecraft:interact_with_crafting_table":13,"minecraft:fly_one_cm":28074,"minecraft:crouch_one_cm":10966,"minecraft:play_time":55900,"minecraft:deaths":3,"minecraft:sneak_time":4275,"minecraft:jump":254,"minecraft:leave_game":1,"minecraft:time_since_death":41287,"minecraft:climb_one_cm":913,"minecraft:total_world_time":55900,"minecraft:fall_one_cm":12229},"minecraft:used":{"minecraft:knowledge_book":10,"minecraft:iron_bars":4,"minecraft:stone_sword":2,"create:lime_toolbox":1,"minecraft:birch_planks":4,"minecraft:stone_pickaxe":118,"minecraft:stone_axe":18,"minecraft:torch":12,"minecraft:dirt":1,"minecraft:cobblestone":50,"minecraft:furnace":1,"minecraft:crafting_table":3,"minecraft:cooked_porkchop":2},"minecraft:crafted":{"minecraft:crafting_table":1,"minecraft:stick":8,"minecraft:iron_ingot":3,"minecraft:stone_pickaxe":1,"minecraft:torch":12,"minecraft:birch_planks":68,"minecraft:stone_axe":1},"minecraft:killed_by":{"minecraft:skeleton":2}},"DataVersion":3465}