{"stats":{"minecraft:dropped":{"minecraft:beetroot_seeds":3,"minecraft:wooden_axe":2},"minecraft:mined":{"minecraft:birch_log":16,"minecraft:cobblestone_stairs":1,"minecraft:andesite":1,"minecraft:crafting_table":2,"minecraft:torch":1,"minecraft:beetroots":1,"minecraft:cracked_stone_bricks":1,"minecraft:cobblestone":12,"minecraft:wall_torch":2,"minecraft:spawner":1},"minecraft:picked_up":{"minecraft:birch_log":15,"minecraft:crafting_table":2,"minecraft:andesite":1,"minecraft:torch":3,"paraglider:spirit_orb":2,"minecraft:cobblestone_stairs":1,"minecraft:bone":2,"minecraft:beetroot":1,"minecraft:beetroot_seeds":3,"minecraft:cracked_stone_bricks":1,"minecraft:wooden_axe":1,"minecraft:cobblestone":12},"minecraft:killed":{"minecraft:skeleton":2},"minecraft:custom":{"minecraft:time_since_rest":12480,"lootr:looted_stat":14,"minecraft:sprint_one_cm":34994,"minecraft:damage_taken":158,"minecraft:walk_one_cm":41613,"minecraft:damage_blocked_by_shield":30,"minecraft:mob_kills":2,"minecraft:drop":5,"minecraft:damage_dealt":380,"minecraft:interact_with_crafting_table":8,"minecraft:fly_one_cm":4188,"minecraft:crouch_one_cm":1262,"minecraft:play_time":12480,"minecraft:sneak_time":604,"minecraft:jump":31,"minecraft:eat_cake_slice":1,"minecraft:leave_game":1,"minecraft:time_since_death":12480,"minecraft:total_world_time":12480,"minecraft:fall_one_cm":689},"minecraft:used":{"minecraft:knowledge_book":1,"minecraft:wooden_axe":7,"minecraft:stone_sword":9,"minecraft:cobblestone_stairs":1,"minecraft:birch_planks":2,"minecraft:stone_pickaxe":13,"minecraft:shield":1,"minecraft:wooden_pickaxe":4,"minecraft:cracked_stone_bricks":1,"minecraft:stone_axe":1,"minecraft:torch":5,"minecraft:cobblestone":2,"minecraft:crafting_table":3,"minecraft:carrot":4,"minecraft:andesite":1},"minecraft:crafted":{"minecraft:shield":1,"minecraft:crafting_table":2,"minecraft:stick":12,"minecraft:wooden_pickaxe":1,"minecraft:stone_pickaxe":1,"minecraft:wooden_axe":1,"minecraft:stone_sword":1,"minecraft:birch_planks":60,"minecraft:stone_axe":1}},"DataVersion":3465}