{"stats":{"minecraft:mined":{"minecraft:large_amethyst_bud":1,"minecraft:medium_amethyst_bud":1,"minecraft:cobblestone_stairs":1,"minecraft:powder_snow":1,"minecraft:crafting_table":4,"minecraft:torch":1,"minecraft:grass_block":2,"vinery:red_grape_bush":1,"minecraft:stone_slab":1,"minecraft:cobblestone":17,"minecraft:copper_ore":1,"minecraft:lapis_ore":1,"minecraft:wall_torch":2,"minecraft:spawner":1,"minecraft:birch_log":16,"minecraft:iron_ore":5,"valhelsia_structures:metal_framed_glass_pane":2,"minecraft:ice":1,"minecraft:andesite":2,"minecraft:coal_ore":2,"minecraft:beetroots":1,"minecraft:vine":4,"minecraft:iron_bars":2,"minecraft:dirt":3,"minecraft:cracked_stone_bricks":2,"vinery:apple_leaves":3,"minecraft:stone":8,"minecraft:emerald_block":1,"minecraft:green_bed":1},"minecraft:dropped":{"minecraft:enchanted_book":1,"minecraft:birch_planks":1,"butchersdelight:deadllama":2,"minecraft:cooked_beef":8,"minecraft:stone_sword":1,"minecraft:raw_copper":3,"farmersdelight:cabbage_seeds":1,"minecraft:cobblestone":12,"minecraft:lead":2,"vinery:white_grape_seeds":2,"gnumus:mouse_skin":4,"minecraft:coal":3,"minecraft:emerald":6,"minecraft:dirt":5,"minecraft:leather_chestplate":1,"gnumus:gnumus_clay":7,"gnumus:gnumus_claw":3,"gnumus:gnumus_pouch_2":1,"minecraft:wooden_axe":2,"born_in_chaos_v1:spiny_shell":2,"minecraft:beetroot_seeds":3,"minecraft:string":1,"minecraft:bone":1,"valhelsia_structures:metal_framed_glass_pane":4,"minecraft:armor_stand":2,"vinery:red_grape_seeds":3},"minecraft:picked_up":{"minecraft:wooden_axe":1,"minecraft:birch_log":15,"gnumus:gnumus_doubloons":6,"minecraft:crafting_table":4,"minecraft:andesite":1,"minecraft:leather_leggings":1,"gnumus:gnumus_claw":3,"minecraft:lead":4,"vinery:red_grape_seeds":3,"minecraft:birch_planks":1,"paraglider:spirit_orb":2,"minecraft:cobblestone_stairs":1,"minecraft:dirt":10,"minecraft:lapis_lazuli":4,"minecraft:string":1,"minecraft:raw_copper":3,"gnumus:gnumus_pouch_2":3,"minecraft:armor_stand":2,"minecraft:bone":3,"minecraft:beetroot":1,"minecraft:cracked_stone_bricks":2,"valhelsia_structures:metal_framed_glass_pane":4,"minecraft:rabbit":3,"minecraft:raw_iron":5,"minecraft:emerald_block":1,"minecraft:torch":4,"minecraft:green_bed":1,"minecraft:stone_sword":1,"minecraft:beetroot_seeds":3,"gnumus:gnumus_clay":7,"waystones:waystone":2,"vinery:white_grape_seeds":2,"minecraft:iron_helmet":1,"minecraft:golden_apple":1,"born_in_chaos_v1:spiny_shell":2,"butchersdelight:deadllama":2,"minecraft:emerald":6,"gnumus:gnumus_pouch_3":1,"born_in_chaos_v1:rotten_fish":1,"gnumus:mouse_skin":4,"minecraft:iron_bars":2,"minecraft:coal":6,"minecraft:cobblestone":30},"minecraft:custom":{"lootr:looted_stat":56,"minecraft:interact_with_furnace":5,"minecraft:mob_kills":15,"minecraft:interact_with_crafting_table":10,"minecraft:open_barrel":11,"minecraft:eat_cake_slice":3,"minecraft:leave_game":2,"minecraft:time_since_death":54944,"minecraft:climb_one_cm":7852,"minecraft:time_since_rest":54944,"minecraft:sprint_one_cm":201588,"minecraft:damage_taken":774,"minecraft:walk_one_cm":193190,"minecraft:damage_blocked_by_shield":445,"minecraft:drop":57,"minecraft:damage_dealt":3462,"minecraft:talked_to_villager":2,"minecraft:fly_one_cm":168142,"minecraft:open_chest":1,"minecraft:crouch_one_cm":7955,"minecraft:play_time":54944,"minecraft:walk_under_water_one_cm":195,"minecraft:sneak_time":2589,"minecraft:jump":695,"minecraft:walk_on_water_one_cm":4153,"minecraft:interact_with_blast_furnace":1,"minecraft:total_world_time":54944,"minecraft:fall_one_cm":20421},"minecraft:killed":{"gnumus:gnumus_hunter_not_dispawn":4,"gnumus:gnumus_shaman":1,"minecraft:spider":1,"minecraft:wandering_trader":1,"majruszsdifficulty:cursed_armor":1,"born_in_chaos_v1:thornshell_crab":1,"minecraft:skeleton":2,"creature_compendium:unseen_hand":3,"minecraft:wither_skeleton":1},"minecraft:used":{"minecraft:golden_boots":1,"minecraft:stone_sword":123,"minecraft:iron_bars":2,"minecraft:cobblestone_stairs":1,"minecraft:birch_planks":66,"minecraft:stone_pickaxe":37,"minecraft:shield":14,"minecraft:wooden_pickaxe":4,"minecraft:cracked_stone_bricks":2,"minecraft:torch":9,"minecraft:dirt":2,"minecraft:crafting_table":5,"minecraft:carrot":12,"minecraft:wooden_axe":7,"minecraft:iron_pickaxe":12,"minecraft:stone_axe":5,"born_in_chaos_v1:rotten_fish":1,"minecraft:cobblestone":34,"minecraft:cooked_porkchop":3,"minecraft:cooked_rabbit":2,"minecraft:andesite":1,"minecraft:cooked_beef":2,"minecraft:knowledge_book":1},"minecraft:crafted":{"minecraft:emerald":9,"minecraft:crafting_table":2,"minecraft:wooden_pickaxe":1,"minecraft:birch_planks":60,"minecraft:stone_axe":1,"minecraft:shield":1,"minecraft:stick":12,"minecraft:stone_pickaxe":1,"minecraft:wooden_axe":1,"minecraft:stone_sword":2,"minecraft:cooked_rabbit":3},"minecraft:broken":{"minecraft:stone_sword":1}},"DataVersion":3465}