{"stats":{"minecraft:mined":{"minecraft:cobblestone_stairs":1,"minecraft:crafting_table":2,"minecraft:torch":1,"vinery:red_grape_bush":1,"minecraft:cobblestone":17,"minecraft:copper_ore":1,"minecraft:lapis_ore":1,"minecraft:wall_torch":2,"minecraft:spawner":1,"minecraft:birch_log":16,"minecraft:iron_ore":5,"minecraft:andesite":2,"minecraft:coal_ore":2,"minecraft:beetroots":1,"minecraft:vine":3,"minecraft:iron_bars":2,"minecraft:cracked_stone_bricks":2},"minecraft:dropped":{"minecraft:cooked_beef":8,"minecraft:raw_copper":3,"farmersdelight:cabbage_seeds":1,"vinery:white_grape_seeds":2,"minecraft:wooden_axe":2,"minecraft:beetroot_seeds":3,"minecraft:string":1,"minecraft:bone":1},"minecraft:picked_up":{"minecraft:birch_log":15,"minecraft:crafting_table":2,"minecraft:andesite":1,"minecraft:leather_leggings":1,"vinery:red_grape_seeds":3,"paraglider:spirit_orb":2,"minecraft:cobblestone_stairs":1,"minecraft:lapis_lazuli":4,"minecraft:string":1,"minecraft:raw_copper":3,"minecraft:bone":3,"minecraft:beetroot":1,"minecraft:cracked_stone_bricks":2,"minecraft:raw_iron":5,"minecraft:torch":4,"minecraft:beetroot_seeds":3,"vinery:white_grape_seeds":2,"minecraft:iron_bars":2,"minecraft:coal":3,"minecraft:cobblestone":16,"minecraft:wooden_axe":1},"minecraft:killed":{"minecraft:spider":1,"majruszsdifficulty:cursed_armor":1,"minecraft:skeleton":2,"minecraft:wither_skeleton":1},"minecraft:custom":{"lootr:looted_stat":29,"minecraft:mob_kills":5,"minecraft:interact_with_crafting_table":8,"minecraft:eat_cake_slice":3,"minecraft:leave_game":1,"minecraft:time_since_death":24480,"minecraft:climb_one_cm":582,"minecraft:time_since_rest":24480,"minecraft:sprint_one_cm":101438,"minecraft:damage_taken":352,"minecraft:walk_one_cm":90942,"minecraft:damage_blocked_by_shield":30,"minecraft:drop":21,"minecraft:damage_dealt":1039,"minecraft:fly_one_cm":24279,"minecraft:crouch_one_cm":2909,"minecraft:play_time":24480,"minecraft:sneak_time":1232,"minecraft:jump":114,"minecraft:total_world_time":24480,"minecraft:fall_one_cm":4211},"minecraft:used":{"minecraft:golden_boots":1,"minecraft:knowledge_book":1,"minecraft:iron_bars":2,"minecraft:stone_sword":29,"minecraft:cobblestone_stairs":1,"minecraft:birch_planks":2,"minecraft:stone_pickaxe":31,"minecraft:wooden_pickaxe":4,"minecraft:shield":1,"minecraft:cracked_stone_bricks":1,"minecraft:torch":9,"minecraft:crafting_table":3,"minecraft:carrot":12,"minecraft:wooden_axe":7,"minecraft:stone_axe":1,"minecraft:cobblestone":34,"minecraft:andesite":1,"minecraft:cooked_beef":2},"minecraft:crafted":{"minecraft:crafting_table":2,"minecraft:wooden_pickaxe":1,"minecraft:birch_planks":60,"minecraft:stone_axe":1,"minecraft:shield":1,"minecraft:stick":12,"minecraft:stone_pickaxe":1,"minecraft:wooden_axe":1,"minecraft:stone_sword":1}},"DataVersion":3465}