{"stats":{"minecraft:dropped":{"minecraft:birch_planks":1,"butchersdelight:deadllama":2,"minecraft:cooked_beef":8,"minecraft:raw_copper":3,"farmersdelight:cabbage_seeds":1,"minecraft:cobblestone":6,"minecraft:lead":2,"vinery:white_grape_seeds":2,"gnumus:mouse_skin":4,"minecraft:coal":3,"minecraft:emerald":6,"minecraft:leather_chestplate":1,"gnumus:gnumus_claw":3,"gnumus:gnumus_pouch_2":1,"born_in_chaos_v1:spiny_shell":2,"minecraft:wooden_axe":2,"minecraft:beetroot_seeds":3,"minecraft:string":1,"valhelsia_structures:metal_framed_glass_pane":4,"minecraft:armor_stand":2,"minecraft:bone":1,"vinery:red_grape_seeds":3},"minecraft:mined":{"minecraft:large_amethyst_bud":1,"minecraft:medium_amethyst_bud":1,"minecraft:cobblestone_stairs":1,"minecraft:crafting_table":2,"minecraft:torch":1,"vinery:red_grape_bush":1,"minecraft:stone_slab":1,"minecraft:cobblestone":17,"minecraft:copper_ore":1,"minecraft:lapis_ore":1,"minecraft:wall_torch":2,"minecraft:spawner":1,"minecraft:birch_log":16,"minecraft:iron_ore":5,"valhelsia_structures:metal_framed_glass_pane":2,"minecraft:ice":1,"minecraft:andesite":2,"minecraft:coal_ore":2,"minecraft:beetroots":1,"minecraft:vine":4,"minecraft:iron_bars":2,"minecraft:cracked_stone_bricks":2,"minecraft:emerald_block":1,"minecraft:green_bed":1},"minecraft:picked_up":{"minecraft:birch_log":15,"gnumus:gnumus_doubloons":6,"minecraft:crafting_table":2,"minecraft:andesite":1,"minecraft:leather_leggings":1,"gnumus:gnumus_claw":3,"minecraft:lead":4,"vinery:red_grape_seeds":3,"minecraft:birch_planks":1,"paraglider:spirit_orb":2,"minecraft:cobblestone_stairs":1,"minecraft:lapis_lazuli":4,"minecraft:string":1,"minecraft:raw_copper":3,"gnumus:gnumus_pouch_2":2,"minecraft:armor_stand":2,"minecraft:bone":3,"minecraft:beetroot":1,"minecraft:cracked_stone_bricks":2,"valhelsia_structures:metal_framed_glass_pane":4,"minecraft:rabbit":3,"minecraft:raw_iron":5,"minecraft:emerald_block":1,"minecraft:torch":4,"minecraft:green_bed":1,"minecraft:beetroot_seeds":3,"waystones:waystone":1,"vinery:white_grape_seeds":2,"minecraft:iron_helmet":1,"minecraft:golden_apple":1,"born_in_chaos_v1:spiny_shell":2,"butchersdelight:deadllama":2,"minecraft:emerald":6,"gnumus:gnumus_pouch_3":1,"born_in_chaos_v1:rotten_fish":1,"gnumus:mouse_skin":4,"minecraft:iron_bars":2,"minecraft:coal":6,"minecraft:cobblestone":16,"minecraft:wooden_axe":1},"minecraft:custom":{"minecraft:interact_with_furnace":5,"lootr:looted_stat":50,"minecraft:mob_kills":13,"minecraft:interact_with_crafting_table":8,"minecraft:open_barrel":11,"minecraft:eat_cake_slice":3,"minecraft:leave_game":2,"minecraft:time_since_death":46832,"minecraft:climb_one_cm":7852,"minecraft:time_since_rest":46832,"minecraft:sprint_one_cm":167467,"minecraft:damage_taken":623,"minecraft:walk_one_cm":162016,"minecraft:damage_blocked_by_shield":445,"minecraft:drop":46,"minecraft:damage_dealt":2992,"minecraft:talked_to_villager":2,"minecraft:fly_one_cm":116015,"minecraft:open_chest":1,"minecraft:crouch_one_cm":7607,"minecraft:play_time":46832,"minecraft:sneak_time":2396,"minecraft:jump":481,"minecraft:interact_with_blast_furnace":1,"minecraft:total_world_time":46832,"minecraft:fall_one_cm":11827},"minecraft:killed":{"gnumus:gnumus_hunter_not_dispawn":2,"gnumus:gnumus_shaman":1,"minecraft:spider":1,"minecraft:wandering_trader":1,"majruszsdifficulty:cursed_armor":1,"born_in_chaos_v1:thornshell_crab":1,"minecraft:skeleton":2,"creature_compendium:unseen_hand":3,"minecraft:wither_skeleton":1},"minecraft:used":{"minecraft:golden_boots":1,"minecraft:knowledge_book":1,"minecraft:iron_bars":2,"minecraft:stone_sword":92,"minecraft:cobblestone_stairs":1,"minecraft:birch_planks":66,"minecraft:stone_pickaxe":37,"minecraft:wooden_pickaxe":4,"minecraft:shield":14,"minecraft:cracked_stone_bricks":2,"minecraft:torch":9,"minecraft:crafting_table":3,"minecraft:carrot":12,"minecraft:wooden_axe":7,"minecraft:iron_pickaxe":3,"minecraft:stone_axe":2,"born_in_chaos_v1:rotten_fish":1,"minecraft:cobblestone":34,"minecraft:cooked_porkchop":3,"minecraft:andesite":1,"minecraft:cooked_beef":2},"minecraft:crafted":{"minecraft:emerald":9,"minecraft:crafting_table":2,"minecraft:wooden_pickaxe":1,"minecraft:birch_planks":60,"minecraft:stone_axe":1,"minecraft:shield":1,"minecraft:stick":12,"minecraft:stone_pickaxe":1,"minecraft:wooden_axe":1,"minecraft:stone_sword":1,"minecraft:cooked_rabbit":3}},"DataVersion":3465}