{"stats":{"minecraft:dropped":{"minecraft:bricks":1,"minecraft:cobblestone":5,"minecraft:knowledge_book":4,"minecraft:rotten_flesh":5,"minecraft:dirt":8,"biomesoplenty:goldenrod":1,"minecraft:wooden_axe":1,"quark:birch_ladder":2,"minecraft:potion":1,"minecraft:iron_bars":4,"minecraft:wooden_pickaxe":1,"minecraft:birch_log":4,"minecraft:polished_granite":1,"vinery:red_grape_seeds":15},"minecraft:killed":{"minecraft:cave_spider":3,"minecraft:spider":9,"majruszsdifficulty:cursed_armor":1,"minecraft:creeper":4,"born_in_chaos_v1:maggot":4,"minecraft:skeleton":3,"minecraft:zombie":5,"minecraft:stray":4,"minecraft:wither_skeleton":2},"minecraft:used":{"minecraft:iron_bars":8,"minecraft:stone_sword":10,"minecraft:birch_planks":71,"minecraft:stone_pickaxe":168,"minecraft:baked_potato":1,"create:crimsite":1,"minecraft:shield":13,"minecraft:wooden_pickaxe":28,"minecraft:iron_sword":124,"minecraft:cooked_chicken":1,"minecraft:cracked_stone_bricks":57,"minecraft:torch":150,"minecraft:mossy_cobblestone":1,"minecraft:crafting_table":7,"minecraft:red_bed":11,"minecraft:carrot":30,"minecraft:wooden_axe":3,"minecraft:bread":1,"minecraft:iron_pickaxe":165,"minecraft:chiseled_stone_bricks":1,"minecraft:stone_axe":51,"minecraft:bow":19,"minecraft:potion":1,"minecraft:cobblestone":56,"minecraft:cooked_rabbit":2,"minecraft:cooked_beef":12},"minecraft:custom":{"minecraft:interact_with_furnace":2,"lootr:looted_stat":52,"minecraft:mob_kills":35,"minecraft:interact_with_crafting_table":22,"minecraft:damage_dealt_resisted":224,"minecraft:eat_cake_slice":8,"minecraft:time_since_death":12199,"minecraft:sleep_in_bed":2,"minecraft:climb_one_cm":6131,"minecraft:time_since_rest":12233,"minecraft:sprint_one_cm":627574,"minecraft:damage_taken":6575,"minecraft:walk_one_cm":278049,"minecraft:damage_blocked_by_shield":1260,"minecraft:drop":22,"minecraft:damage_dealt":6053,"minecraft:damage_dealt_absorbed":121,"minecraft:fly_one_cm":191832,"minecraft:player_kills":1,"minecraft:crouch_one_cm":95895,"minecraft:play_time":131965,"minecraft:deaths":18,"minecraft:sneak_time":23080,"minecraft:walk_under_water_one_cm":13,"minecraft:jump":1027,"minecraft:walk_on_water_one_cm":260,"minecraft:total_world_time":131965,"minecraft:fall_one_cm":13859},"minecraft:broken":{"minecraft:stone_pickaxe":1},"minecraft:crafted":{"minecraft:crafting_table":4,"minecraft:wooden_pickaxe":4,"minecraft:birch_planks":76,"minecraft:stone_axe":2,"minecraft:bow":1,"minecraft:iron_chestplate":1,"minecraft:shield":1,"minecraft:stick":64,"minecraft:iron_ingot":2,"minecraft:stone_pickaxe":1,"minecraft:wooden_axe":2,"minecraft:stone_sword":2,"minecraft:iron_leggings":1,"minecraft:torch":60},"minecraft:picked_up":{"minecraft:birch_log":46,"born_in_chaos_v1:corpse_maggot":2,"minecraft:magma_block":1,"minecraft:crafting_table":5,"minecraft:andesite":1,"minecraft:leather_leggings":1,"biomesoplenty:goldenrod":2,"vinery:red_grape_seeds":15,"minecraft:birch_planks":21,"minecraft:potion":1,"paraglider:spirit_orb":54,"create:raw_zinc":25,"minecraft:knowledge_book":4,"minecraft:stone_brick_stairs":4,"minecraft:nether_wart_block":2,"minecraft:gunpowder":3,"minecraft:dirt":8,"minecraft:string":13,"minecraft:red_bed":11,"minecraft:polished_granite":2,"minecraft:red_nether_bricks":1,"minecraft:bone":14,"minecraft:stone_bricks":7,"minecraft:cracked_stone_bricks":39,"minecraft:wheat_seeds":1,"minecraft:mossy_stone_bricks":11,"minecraft:soul_sand":1,"minecraft:mossy_stone_brick_stairs":8,"minecraft:furnace":1,"quark:stick_block":4,"minecraft:raw_iron":15,"irons_spellbooks:frozen_bone":5,"minecraft:chiseled_stone_bricks":1,"minecraft:torch":34,"sophisticatedbackpacks:backpack":1,"minecraft:spider_eye":5,"minecraft:mossy_cobblestone":17,"minecraft:quartz_block":6,"quark:birch_ladder":2,"minecraft:arrow":15,"create:crimsite":1,"minecraft:rotten_flesh":7,"minecraft:nether_bricks":4,"minecraft:mossy_cobblestone_stairs":1,"minecraft:bricks":3,"minecraft:iron_bars":22,"minecraft:cobblestone":138},"minecraft:killed_by":{"minecraft:skeleton":10,"minecraft:stray":2,"minecraft:zombie":4,"majruszsdifficulty:cursed_armor":2},"minecraft:mined":{"create:zinc_ore":25,"minecraft:quartz_block":6,"minecraft:soul_sand":1,"minecraft:red_bed":11,"minecraft:mossy_cobblestone":18,"minecraft:red_nether_bricks":1,"minecraft:polished_granite":1,"minecraft:torch":24,"minecraft:crafting_table":5,"minecraft:nether_bricks":4,"vinery:red_grape_bush":1,"minecraft:grass_block":2,"minecraft:cobblestone":34,"minecraft:bricks":1,"minecraft:wall_torch":5,"minecraft:chiseled_stone_bricks":1,"minecraft:spawner":31,"minecraft:birch_planks":18,"minecraft:magma_block":1,"minecraft:furnace":1,"minecraft:mossy_cobblestone_stairs":1,"minecraft:nether_wart_block":2,"minecraft:birch_log":39,"minecraft:iron_ore":15,"minecraft:fire":1,"quark:stick_block":4,"minecraft:andesite":3,"minecraft:nether_brick_stairs":1,"minecraft:stone_brick_stairs":3,"minecraft:mossy_stone_brick_stairs":9,"minecraft:grass":6,"minecraft:vine":25,"minecraft:iron_bars":20,"minecraft:dirt":6,"minecraft:cracked_stone_bricks":37,"minecraft:stone_bricks":6,"minecraft:stone":101,"minecraft:mossy_stone_bricks":12,"create:crimsite":1}},"DataVersion":3465}