{"stats":{"minecraft:dropped":{"minecraft:wheat_seeds":3,"minecraft:iron_helmet":1,"minecraft:cobblestone":5,"minecraft:knowledge_book":4,"minecraft:dirt":9,"biomesoplenty:goldenrod":1,"minecraft:nether_wart_block":1,"minecraft:wooden_axe":1,"minecraft:potion":1,"minecraft:birch_log":4,"vinery:red_grape_seeds":15,"minecraft:gravel":9,"minecraft:bricks":1,"minecraft:rotten_flesh":17,"minecraft:andesite":5,"minecraft:mossy_stone_bricks":2,"quark:birch_ladder":2,"minecraft:spider_eye":3,"minecraft:iron_bars":12,"minecraft:wooden_pickaxe":1,"minecraft:polished_granite":1},"minecraft:broken":{"minecraft:stone_pickaxe":1,"minecraft:iron_pickaxe":1},"minecraft:killed":{"minecraft:cave_spider":3,"minecraft:spider":9,"born_in_chaos_v1:thornshell_crab":1,"born_in_chaos_v1:maggot":4,"minecraft:skeleton":3,"majruszsdifficulty:cursed_armor":1,"minecraft:creeper":4,"minecraft:sheep":1,"minecraft:zombie":5,"minecraft:stray":4,"minecraft:wither_skeleton":2,"naturalist:sparrow":1,"chococraft:chocobo":1},"minecraft:used":{"minecraft:iron_bars":8,"minecraft:stone_sword":10,"minecraft:shield":13,"minecraft:iron_sword":136,"minecraft:cooked_chicken":1,"minecraft:torch":154,"minecraft:soul_sand":1,"minecraft:nether_bricks":3,"minecraft:carrot":30,"minecraft:wooden_axe":3,"minecraft:stone_bricks":1,"minecraft:bow":19,"minecraft:furnace":1,"minecraft:cooked_beef":12,"minecraft:potato":17,"minecraft:birch_planks":71,"minecraft:red_nether_bricks":1,"minecraft:stone_pickaxe":168,"minecraft:baked_potato":5,"create:crimsite":1,"minecraft:wooden_pickaxe":28,"minecraft:mossy_stone_brick_stairs":5,"minecraft:cracked_stone_bricks":57,"minecraft:mossy_cobblestone":1,"minecraft:crafting_table":8,"minecraft:red_bed":12,"biomesoplenty:pink_daffodil":1,"minecraft:bread":2,"minecraft:iron_pickaxe":283,"minecraft:stone_axe":54,"minecraft:chiseled_stone_bricks":1,"minecraft:cobblestone":112,"minecraft:potion":1,"minecraft:cooked_rabbit":2,"minecraft:gray_wool":1},"minecraft:custom":{"minecraft:interact_with_smithing_table":1,"lootr:looted_stat":61,"minecraft:mob_kills":39,"minecraft:interact_with_crafting_table":30,"minecraft:damage_dealt_resisted":224,"minecraft:eat_cake_slice":8,"minecraft:leave_game":1,"minecraft:time_since_death":43130,"minecraft:climb_one_cm":9774,"minecraft:sprint_one_cm":719364,"minecraft:walk_one_cm":318706,"minecraft:damage_blocked_by_shield":1260,"minecraft:drop":33,"minecraft:damage_dealt_absorbed":121,"minecraft:talked_to_villager":2,"minecraft:play_time":162896,"minecraft:deaths":18,"minecraft:sneak_time":25310,"minecraft:walk_under_water_one_cm":103,"minecraft:jump":1503,"minecraft:walk_on_water_one_cm":1607,"minecraft:total_world_time":162896,"minecraft:interact_with_furnace":13,"minecraft:sleep_in_bed":4,"minecraft:time_since_rest":3514,"minecraft:damage_taken":6770,"minecraft:damage_dealt":6732,"minecraft:swim_one_cm":3566,"minecraft:fly_one_cm":281902,"minecraft:player_kills":1,"minecraft:crouch_one_cm":102379,"minecraft:fall_one_cm":26828},"minecraft:crafted":{"minecraft:furnace":1,"butchersdelightfoods:cookedsheepshank":1,"minecraft:bow":1,"minecraft:stone_pickaxe":1,"minecraft:crafting_table":4,"minecraft:wooden_pickaxe":4,"minecraft:birch_planks":76,"minecraft:stone_axe":2,"minecraft:air":0,"aquaculture:iron_fillet_knife":1,"minecraft:iron_chestplate":1,"minecraft:shield":1,"minecraft:stick":64,"minecraft:iron_ingot":29,"minecraft:wooden_axe":2,"minecraft:stone_sword":2,"minecraft:iron_leggings":1,"minecraft:torch":60},"minecraft:picked_up":{"minecraft:crafting_table":6,"minecraft:anvil":1,"minecraft:leather_leggings":1,"vinery:red_grape_seeds":15,"minecraft:potion":1,"minecraft:knowledge_book":4,"minecraft:stone_brick_stairs":4,"minecraft:amethyst_block":1,"paraglider:goddess_statue":1,"minecraft:string":13,"minecraft:red_bed":13,"minecraft:red_nether_bricks":1,"minecraft:cracked_stone_bricks":40,"minecraft:furnace":2,"minecraft:raw_iron":21,"minecraft:torch":52,"sophisticatedbackpacks:backpack":1,"minecraft:quartz_block":6,"butchersdelight:deadsheep":2,"minecraft:arrow":15,"minecraft:rotten_flesh":7,"minecraft:nether_bricks":5,"born_in_chaos_v1:spiny_shell":4,"chococraft:chocobo_drumstick_raw":1,"minecraft:iron_bars":22,"minecraft:cobblestone":202,"minecraft:birch_log":46,"born_in_chaos_v1:corpse_maggot":2,"minecraft:magma_block":1,"minecraft:andesite":5,"biomesoplenty:goldenrod":2,"minecraft:birch_planks":21,"paraglider:spirit_orb":54,"create:raw_zinc":25,"minecraft:yellow_bed":1,"minecraft:nether_wart_block":2,"minecraft:gunpowder":3,"minecraft:dirt":9,"minecraft:polished_granite":2,"chococraft:chocobo_feather":2,"minecraft:bone":16,"minecraft:stone_bricks":8,"minecraft:wheat_seeds":4,"minecraft:mossy_stone_bricks":11,"minecraft:soul_sand":1,"minecraft:mossy_stone_brick_stairs":8,"quark:stick_block":4,"irons_spellbooks:frozen_bone":5,"minecraft:chiseled_stone_bricks":1,"minecraft:gravel":9,"minecraft:amethyst_shard":76,"minecraft:spider_eye":5,"minecraft:mossy_cobblestone":17,"quark:birch_ladder":2,"butchersdelight:sheephide":1,"create:crimsite":1,"minecraft:gray_wool":1,"minecraft:mossy_cobblestone_stairs":1,"born_in_chaos_v1:rotten_fish":1,"biomesoplenty:pink_daffodil":1,"butchersdelightfoods:sheepshank":1,"minecraft:bricks":3,"minecraft:coal":49},"minecraft:killed_by":{"minecraft:stray":2,"minecraft:skeleton":10,"minecraft:zombie":4,"majruszsdifficulty:cursed_armor":2},"minecraft:mined":{"create:zinc_ore":25,"minecraft:large_amethyst_bud":3,"minecraft:mossy_cobblestone":18,"minecraft:red_nether_bricks":1,"butchersdelight:deadsheepblock":1,"minecraft:nether_bricks":5,"minecraft:grass_block":3,"realmrpg_skeletons:dungeon_crawler_skeleton":1,"minecraft:chiseled_stone_bricks":1,"minecraft:spawner":31,"minecraft:magma_block":1,"minecraft:furnace":2,"minecraft:mossy_cobblestone_stairs":1,"minecraft:iron_ore":22,"minecraft:fire":1,"quark:stick_block":4,"minecraft:andesite":7,"minecraft:anvil":1,"minecraft:nether_brick_stairs":1,"minecraft:mossy_stone_brick_stairs":9,"biomesoplenty:high_grass":16,"minecraft:vine":25,"minecraft:iron_bars":20,"minecraft:small_amethyst_bud":1,"minecraft:stone":164,"minecraft:quartz_block":6,"minecraft:red_bed":13,"minecraft:soul_sand":1,"minecraft:medium_amethyst_bud":3,"minecraft:amethyst_cluster":19,"minecraft:polished_granite":1,"minecraft:crafting_table":6,"minecraft:torch":44,"vinery:red_grape_bush":1,"biomesoplenty:high_grass_plant":44,"minecraft:tall_grass":1,"minecraft:cobblestone":35,"minecraft:bricks":1,"minecraft:wall_torch":5,"minecraft:amethyst_block":3,"minecraft:birch_planks":18,"minecraft:nether_wart_block":2,"minecraft:birch_log":39,"biomesoplenty:pink_daffodil":1,"minecraft:yellow_bed":1,"minecraft:stone_brick_stairs":3,"minecraft:grass":20,"minecraft:gravel":5,"minecraft:dirt":6,"minecraft:cracked_stone_bricks":38,"minecraft:stone_bricks":7,"minecraft:mossy_stone_bricks":12,"create:crimsite":1,"paraglider:goddess_statue":1}},"DataVersion":3465}