{"stats":{"minecraft:dropped":{"minecraft:bricks":1,"minecraft:cobblestone":5,"minecraft:knowledge_book":4,"minecraft:rotten_flesh":5,"minecraft:dirt":8,"minecraft:wooden_axe":1,"quark:birch_ladder":2,"minecraft:potion":1,"minecraft:iron_bars":2,"minecraft:wooden_pickaxe":1,"minecraft:birch_log":4,"minecraft:polished_granite":1,"vinery:red_grape_seeds":15},"minecraft:killed":{"minecraft:spider":3,"minecraft:creeper":2,"minecraft:skeleton":2},"minecraft:used":{"minecraft:iron_bars":4,"minecraft:stone_sword":10,"minecraft:birch_planks":13,"minecraft:stone_pickaxe":76,"minecraft:baked_potato":1,"create:crimsite":1,"minecraft:shield":4,"minecraft:wooden_pickaxe":28,"minecraft:iron_sword":17,"minecraft:cooked_chicken":1,"minecraft:torch":55,"minecraft:mossy_cobblestone":1,"minecraft:crafting_table":4,"minecraft:red_bed":7,"minecraft:carrot":9,"minecraft:wooden_axe":3,"minecraft:iron_pickaxe":3,"minecraft:stone_axe":29,"minecraft:potion":1,"minecraft:cobblestone":16,"minecraft:cooked_rabbit":2,"minecraft:cooked_beef":2},"minecraft:custom":{"minecraft:interact_with_furnace":2,"lootr:looted_stat":25,"minecraft:mob_kills":7,"minecraft:interact_with_crafting_table":13,"minecraft:damage_dealt_resisted":224,"minecraft:eat_cake_slice":8,"minecraft:time_since_death":23161,"minecraft:sleep_in_bed":2,"minecraft:climb_one_cm":54,"minecraft:time_since_rest":17447,"minecraft:sprint_one_cm":334276,"minecraft:damage_taken":3821,"minecraft:walk_one_cm":144972,"minecraft:damage_blocked_by_shield":360,"minecraft:drop":20,"minecraft:damage_dealt":1901,"minecraft:damage_dealt_absorbed":121,"minecraft:fly_one_cm":118660,"minecraft:player_kills":1,"minecraft:crouch_one_cm":32744,"minecraft:play_time":71965,"minecraft:deaths":12,"minecraft:sneak_time":7744,"minecraft:walk_under_water_one_cm":13,"minecraft:jump":596,"minecraft:walk_on_water_one_cm":260,"minecraft:total_world_time":71965,"minecraft:fall_one_cm":9241},"minecraft:crafted":{"minecraft:crafting_table":4,"minecraft:wooden_pickaxe":4,"minecraft:birch_planks":76,"minecraft:stone_axe":2,"minecraft:shield":1,"minecraft:stick":56,"minecraft:stone_pickaxe":1,"minecraft:wooden_axe":2,"minecraft:stone_sword":2},"minecraft:picked_up":{"minecraft:birch_log":46,"minecraft:crafting_table":2,"vinery:red_grape_seeds":15,"minecraft:birch_planks":5,"paraglider:spirit_orb":22,"minecraft:knowledge_book":4,"minecraft:dirt":8,"minecraft:string":3,"minecraft:red_bed":7,"minecraft:polished_granite":1,"minecraft:bone":2,"minecraft:wheat_seeds":1,"minecraft:furnace":1,"quark:stick_block":4,"minecraft:torch":11,"sophisticatedbackpacks:backpack":1,"minecraft:mossy_cobblestone":1,"quark:birch_ladder":2,"minecraft:arrow":4,"create:crimsite":1,"minecraft:rotten_flesh":1,"minecraft:bricks":1,"minecraft:iron_bars":6,"minecraft:cobblestone":69},"minecraft:killed_by":{"minecraft:skeleton":10,"minecraft:zombie":2},"minecraft:mined":{"minecraft:red_bed":7,"minecraft:mossy_cobblestone":1,"minecraft:polished_granite":1,"minecraft:torch":4,"minecraft:crafting_table":2,"vinery:red_grape_bush":1,"minecraft:grass_block":2,"minecraft:cobblestone":22,"minecraft:bricks":1,"minecraft:wall_torch":1,"minecraft:spawner":11,"minecraft:birch_planks":2,"minecraft:furnace":1,"minecraft:birch_log":39,"minecraft:fire":1,"quark:stick_block":4,"minecraft:andesite":2,"minecraft:grass":6,"minecraft:iron_bars":6,"minecraft:dirt":6,"minecraft:stone":49,"create:crimsite":1}},"DataVersion":3465}