{"stats":{"minecraft:dropped":{"minecraft:dirt":8,"minecraft:bricks":1,"quark:birch_ladder":2,"minecraft:cobblestone":5,"minecraft:iron_bars":2,"minecraft:wooden_pickaxe":1,"minecraft:polished_granite":1},"minecraft:killed":{"minecraft:spider":2},"minecraft:used":{"minecraft:stone_sword":8,"minecraft:stone_pickaxe":35,"minecraft:wooden_pickaxe":21,"minecraft:stone_axe":12,"minecraft:torch":1,"minecraft:crafting_table":1},"minecraft:custom":{"minecraft:time_since_rest":1281,"lootr:looted_stat":1,"minecraft:interact_with_furnace":2,"minecraft:sprint_one_cm":41823,"minecraft:damage_taken":564,"minecraft:walk_one_cm":38025,"minecraft:mob_kills":2,"minecraft:drop":7,"minecraft:damage_dealt":320,"minecraft:interact_with_crafting_table":4,"minecraft:fly_one_cm":19238,"minecraft:crouch_one_cm":11548,"minecraft:play_time":23965,"minecraft:deaths":2,"minecraft:sneak_time":2773,"minecraft:jump":128,"minecraft:eat_cake_slice":6,"minecraft:time_since_death":1254,"minecraft:total_world_time":23965,"minecraft:fall_one_cm":2515},"minecraft:crafted":{"minecraft:crafting_table":1,"minecraft:stick":36,"minecraft:wooden_pickaxe":1,"minecraft:stone_pickaxe":1,"minecraft:stone_sword":1,"minecraft:birch_planks":24,"minecraft:stone_axe":1},"minecraft:picked_up":{"quark:stick_block":4,"minecraft:birch_log":14,"minecraft:crafting_table":1,"minecraft:torch":2,"paraglider:spirit_orb":2,"minecraft:string":2,"minecraft:dirt":8,"minecraft:polished_granite":1,"quark:birch_ladder":2,"minecraft:wheat_seeds":1,"minecraft:bricks":1,"minecraft:iron_bars":2,"minecraft:cobblestone":37,"minecraft:furnace":1},"minecraft:killed_by":{"minecraft:skeleton":2},"minecraft:mined":{"minecraft:birch_planks":2,"minecraft:furnace":1,"minecraft:birch_log":16,"quark:stick_block":4,"minecraft:andesite":2,"minecraft:polished_granite":1,"minecraft:crafting_table":1,"minecraft:torch":1,"minecraft:grass":3,"minecraft:grass_block":2,"minecraft:iron_bars":2,"minecraft:dirt":6,"minecraft:stone":38,"minecraft:bricks":1,"minecraft:spawner":1}},"DataVersion":3465}