{"stats":{"minecraft:dropped":{"minecraft:cobblestone":5},"minecraft:used":{"minecraft:stone_axe":12,"minecraft:crafting_table":1,"minecraft:stone_pickaxe":25,"minecraft:wooden_pickaxe":21},"minecraft:custom":{"minecraft:time_since_rest":11965,"minecraft:crouch_one_cm":6779,"minecraft:play_time":11965,"minecraft:sprint_one_cm":7073,"minecraft:damage_taken":10,"minecraft:walk_one_cm":7443,"minecraft:sneak_time":1693,"minecraft:drop":1,"minecraft:jump":47,"minecraft:time_since_death":11965,"minecraft:total_world_time":11965,"minecraft:interact_with_crafting_table":3,"minecraft:fly_one_cm":3083},"minecraft:crafted":{"minecraft:birch_planks":24,"minecraft:stone_axe":1,"minecraft:crafting_table":1,"minecraft:stick":36,"minecraft:wooden_pickaxe":1,"minecraft:stone_pickaxe":1,"minecraft:stone_sword":1},"minecraft:picked_up":{"minecraft:birch_log":14,"quark:stick_block":4,"minecraft:crafting_table":1,"minecraft:wheat_seeds":1,"quark:birch_ladder":2,"minecraft:dirt":8,"minecraft:cobblestone":37},"minecraft:mined":{"minecraft:grass":2,"minecraft:grass_block":2,"minecraft:dirt":6,"minecraft:birch_log":16,"quark:stick_block":4,"minecraft:stone":38,"minecraft:crafting_table":1}},"DataVersion":3465}