{"stats":{"minecraft:dropped":{"minecraft:bricks":1,"minecraft:cobblestone":5,"minecraft:knowledge_book":4,"minecraft:rotten_flesh":5,"minecraft:dirt":8,"biomesoplenty:goldenrod":1,"minecraft:wooden_axe":1,"quark:birch_ladder":2,"minecraft:potion":1,"minecraft:iron_bars":4,"minecraft:wooden_pickaxe":1,"minecraft:birch_log":4,"minecraft:polished_granite":1,"vinery:red_grape_seeds":15},"minecraft:killed":{"minecraft:spider":3,"majruszsdifficulty:cursed_armor":1,"minecraft:creeper":4,"minecraft:skeleton":2,"minecraft:stray":2},"minecraft:used":{"minecraft:iron_bars":6,"minecraft:stone_sword":10,"minecraft:birch_planks":28,"minecraft:stone_pickaxe":89,"minecraft:baked_potato":1,"create:crimsite":1,"minecraft:shield":9,"minecraft:wooden_pickaxe":28,"minecraft:iron_sword":44,"minecraft:cooked_chicken":1,"minecraft:torch":70,"minecraft:mossy_cobblestone":1,"minecraft:crafting_table":6,"minecraft:red_bed":8,"minecraft:carrot":9,"minecraft:wooden_axe":3,"minecraft:iron_pickaxe":6,"minecraft:stone_axe":34,"minecraft:potion":1,"minecraft:cobblestone":22,"minecraft:cooked_rabbit":2,"minecraft:cooked_beef":4},"minecraft:custom":{"minecraft:interact_with_furnace":2,"lootr:looted_stat":29,"minecraft:mob_kills":12,"minecraft:interact_with_crafting_table":20,"minecraft:damage_dealt_resisted":224,"minecraft:eat_cake_slice":8,"minecraft:time_since_death":1045,"minecraft:sleep_in_bed":2,"minecraft:climb_one_cm":54,"minecraft:time_since_rest":1076,"minecraft:sprint_one_cm":363621,"minecraft:damage_taken":4745,"minecraft:walk_one_cm":174369,"minecraft:damage_blocked_by_shield":870,"minecraft:drop":22,"minecraft:damage_dealt":3181,"minecraft:damage_dealt_absorbed":121,"minecraft:fly_one_cm":129062,"minecraft:player_kills":1,"minecraft:crouch_one_cm":51260,"minecraft:play_time":83965,"minecraft:deaths":15,"minecraft:sneak_time":11469,"minecraft:walk_under_water_one_cm":13,"minecraft:jump":673,"minecraft:walk_on_water_one_cm":260,"minecraft:total_world_time":83965,"minecraft:fall_one_cm":9659},"minecraft:crafted":{"minecraft:crafting_table":4,"minecraft:wooden_pickaxe":4,"minecraft:birch_planks":76,"minecraft:stone_axe":2,"minecraft:iron_chestplate":1,"minecraft:shield":1,"minecraft:stick":56,"minecraft:iron_ingot":2,"minecraft:stone_pickaxe":1,"minecraft:wooden_axe":2,"minecraft:stone_sword":2,"minecraft:iron_leggings":1},"minecraft:picked_up":{"minecraft:birch_log":46,"minecraft:crafting_table":4,"minecraft:leather_leggings":1,"biomesoplenty:goldenrod":2,"vinery:red_grape_seeds":15,"minecraft:birch_planks":8,"minecraft:potion":1,"paraglider:spirit_orb":26,"minecraft:knowledge_book":4,"minecraft:stone_brick_stairs":1,"minecraft:gunpowder":3,"minecraft:dirt":8,"minecraft:string":3,"minecraft:red_bed":8,"minecraft:polished_granite":2,"minecraft:bone":5,"minecraft:stone_bricks":3,"minecraft:cracked_stone_bricks":5,"minecraft:wheat_seeds":1,"minecraft:mossy_stone_bricks":1,"minecraft:furnace":1,"quark:stick_block":4,"irons_spellbooks:frozen_bone":3,"minecraft:torch":12,"sophisticatedbackpacks:backpack":1,"minecraft:mossy_cobblestone":2,"quark:birch_ladder":2,"minecraft:arrow":8,"create:crimsite":1,"minecraft:rotten_flesh":1,"minecraft:bricks":3,"minecraft:iron_bars":10,"minecraft:cobblestone":78},"minecraft:killed_by":{"minecraft:skeleton":10,"minecraft:stray":1,"minecraft:zombie":2,"majruszsdifficulty:cursed_armor":2},"minecraft:mined":{"minecraft:red_bed":8,"minecraft:mossy_cobblestone":2,"minecraft:polished_granite":1,"minecraft:torch":4,"minecraft:crafting_table":4,"vinery:red_grape_bush":1,"minecraft:grass_block":2,"minecraft:cobblestone":26,"minecraft:bricks":1,"minecraft:wall_torch":1,"minecraft:spawner":14,"minecraft:birch_planks":5,"minecraft:furnace":1,"minecraft:birch_log":39,"minecraft:fire":1,"quark:stick_block":4,"minecraft:andesite":2,"minecraft:grass":6,"minecraft:iron_bars":8,"minecraft:dirt":6,"minecraft:cracked_stone_bricks":3,"minecraft:stone_bricks":2,"minecraft:stone":49,"minecraft:mossy_stone_bricks":1,"create:crimsite":1}},"DataVersion":3465}