{"stats":{"minecraft:dropped":{"minecraft:bricks":1,"minecraft:cobblestone":5,"minecraft:knowledge_book":4,"minecraft:rotten_flesh":5,"minecraft:dirt":8,"minecraft:wooden_axe":1,"quark:birch_ladder":2,"minecraft:iron_bars":2,"minecraft:wooden_pickaxe":1,"minecraft:birch_log":4,"minecraft:polished_granite":1,"vinery:red_grape_seeds":15},"minecraft:killed":{"minecraft:spider":2,"minecraft:skeleton":1},"minecraft:used":{"minecraft:stone_sword":10,"minecraft:birch_planks":4,"minecraft:stone_pickaxe":69,"create:crimsite":1,"minecraft:wooden_pickaxe":28,"minecraft:cooked_chicken":1,"minecraft:torch":30,"minecraft:mossy_cobblestone":1,"minecraft:crafting_table":4,"minecraft:red_bed":4,"minecraft:carrot":5,"minecraft:wooden_axe":3,"minecraft:stone_axe":26,"minecraft:cobblestone":3,"minecraft:cooked_rabbit":2},"minecraft:custom":{"minecraft:interact_with_furnace":2,"lootr:looted_stat":15,"minecraft:mob_kills":3,"minecraft:interact_with_crafting_table":13,"minecraft:eat_cake_slice":8,"minecraft:time_since_death":11161,"minecraft:sleep_in_bed":2,"minecraft:climb_one_cm":54,"minecraft:time_since_rest":5447,"minecraft:sprint_one_cm":240149,"minecraft:damage_taken":3454,"minecraft:walk_one_cm":118209,"minecraft:drop":19,"minecraft:damage_dealt":1137,"minecraft:fly_one_cm":87706,"minecraft:player_kills":1,"minecraft:crouch_one_cm":25918,"minecraft:play_time":59965,"minecraft:deaths":12,"minecraft:sneak_time":6211,"minecraft:walk_under_water_one_cm":13,"minecraft:jump":481,"minecraft:walk_on_water_one_cm":260,"minecraft:total_world_time":59965,"minecraft:fall_one_cm":9241},"minecraft:crafted":{"minecraft:crafting_table":4,"minecraft:wooden_pickaxe":4,"minecraft:birch_planks":76,"minecraft:stone_axe":2,"minecraft:shield":1,"minecraft:stick":56,"minecraft:stone_pickaxe":1,"minecraft:wooden_axe":2,"minecraft:stone_sword":2},"minecraft:picked_up":{"minecraft:birch_log":41,"minecraft:crafting_table":2,"vinery:red_grape_seeds":15,"minecraft:birch_planks":1,"paraglider:spirit_orb":16,"minecraft:knowledge_book":4,"minecraft:dirt":8,"minecraft:string":2,"minecraft:red_bed":4,"minecraft:polished_granite":1,"minecraft:bone":1,"minecraft:wheat_seeds":1,"minecraft:furnace":1,"quark:stick_block":4,"minecraft:torch":7,"minecraft:mossy_cobblestone":1,"quark:birch_ladder":2,"minecraft:arrow":2,"create:crimsite":1,"minecraft:rotten_flesh":1,"minecraft:bricks":1,"minecraft:iron_bars":2,"minecraft:cobblestone":67},"minecraft:killed_by":{"minecraft:skeleton":10,"minecraft:zombie":2},"minecraft:mined":{"minecraft:red_bed":4,"minecraft:mossy_cobblestone":1,"minecraft:polished_granite":1,"minecraft:torch":4,"minecraft:crafting_table":2,"vinery:red_grape_bush":1,"minecraft:grass_block":2,"minecraft:cobblestone":20,"minecraft:bricks":1,"minecraft:wall_torch":1,"minecraft:spawner":8,"minecraft:birch_planks":2,"minecraft:furnace":1,"minecraft:birch_log":39,"minecraft:fire":1,"quark:stick_block":4,"minecraft:andesite":2,"minecraft:grass":6,"minecraft:iron_bars":2,"minecraft:dirt":6,"minecraft:stone":49,"create:crimsite":1}},"DataVersion":3465}