{"stats":{"minecraft:dropped":{"minecraft:bricks":1,"minecraft:cobblestone":5,"minecraft:knowledge_book":4,"minecraft:rotten_flesh":5,"minecraft:dirt":8,"biomesoplenty:goldenrod":1,"minecraft:wooden_axe":1,"quark:birch_ladder":2,"minecraft:potion":1,"minecraft:iron_bars":4,"minecraft:wooden_pickaxe":1,"minecraft:birch_log":4,"minecraft:polished_granite":1,"vinery:red_grape_seeds":15},"minecraft:killed":{"minecraft:cave_spider":3,"minecraft:spider":9,"majruszsdifficulty:cursed_armor":1,"minecraft:creeper":4,"born_in_chaos_v1:maggot":1,"minecraft:skeleton":2,"minecraft:zombie":1,"minecraft:stray":2,"minecraft:wither_skeleton":2},"minecraft:used":{"minecraft:iron_bars":6,"minecraft:stone_sword":10,"minecraft:birch_planks":70,"minecraft:stone_pickaxe":168,"minecraft:baked_potato":1,"create:crimsite":1,"minecraft:shield":9,"minecraft:wooden_pickaxe":28,"minecraft:iron_sword":96,"minecraft:cooked_chicken":1,"minecraft:cracked_stone_bricks":10,"minecraft:torch":110,"minecraft:mossy_cobblestone":1,"minecraft:crafting_table":7,"minecraft:red_bed":10,"minecraft:carrot":9,"minecraft:wooden_axe":3,"minecraft:iron_pickaxe":21,"minecraft:stone_axe":50,"minecraft:bow":7,"minecraft:potion":1,"minecraft:cobblestone":30,"minecraft:cooked_rabbit":2,"minecraft:cooked_beef":10},"minecraft:custom":{"minecraft:interact_with_furnace":2,"lootr:looted_stat":39,"minecraft:mob_kills":25,"minecraft:interact_with_crafting_table":22,"minecraft:damage_dealt_resisted":224,"minecraft:eat_cake_slice":8,"minecraft:time_since_death":4955,"minecraft:sleep_in_bed":2,"minecraft:climb_one_cm":4771,"minecraft:time_since_rest":4985,"minecraft:sprint_one_cm":475395,"minecraft:damage_taken":5953,"minecraft:walk_one_cm":231651,"minecraft:damage_blocked_by_shield":870,"minecraft:drop":22,"minecraft:damage_dealt":5192,"minecraft:damage_dealt_absorbed":121,"minecraft:fly_one_cm":142137,"minecraft:player_kills":1,"minecraft:crouch_one_cm":72887,"minecraft:play_time":107965,"minecraft:deaths":17,"minecraft:sneak_time":17183,"minecraft:walk_under_water_one_cm":13,"minecraft:jump":812,"minecraft:walk_on_water_one_cm":260,"minecraft:total_world_time":107965,"minecraft:fall_one_cm":12688},"minecraft:broken":{"minecraft:stone_pickaxe":1},"minecraft:crafted":{"minecraft:crafting_table":4,"minecraft:wooden_pickaxe":4,"minecraft:birch_planks":76,"minecraft:stone_axe":2,"minecraft:bow":1,"minecraft:iron_chestplate":1,"minecraft:shield":1,"minecraft:stick":64,"minecraft:iron_ingot":2,"minecraft:stone_pickaxe":1,"minecraft:wooden_axe":2,"minecraft:stone_sword":2,"minecraft:iron_leggings":1,"minecraft:torch":36},"minecraft:picked_up":{"minecraft:birch_log":46,"born_in_chaos_v1:corpse_maggot":1,"minecraft:crafting_table":5,"minecraft:andesite":1,"minecraft:leather_leggings":1,"biomesoplenty:goldenrod":2,"vinery:red_grape_seeds":15,"minecraft:birch_planks":20,"minecraft:potion":1,"paraglider:spirit_orb":42,"create:raw_zinc":7,"minecraft:knowledge_book":4,"minecraft:stone_brick_stairs":3,"minecraft:nether_wart_block":1,"minecraft:gunpowder":3,"minecraft:dirt":8,"minecraft:string":13,"minecraft:red_bed":10,"minecraft:polished_granite":2,"minecraft:red_nether_bricks":1,"minecraft:bone":9,"minecraft:stone_bricks":3,"minecraft:cracked_stone_bricks":13,"minecraft:wheat_seeds":1,"minecraft:mossy_stone_bricks":6,"minecraft:soul_sand":1,"minecraft:mossy_stone_brick_stairs":7,"minecraft:furnace":1,"quark:stick_block":4,"irons_spellbooks:frozen_bone":3,"minecraft:torch":14,"sophisticatedbackpacks:backpack":1,"minecraft:spider_eye":5,"minecraft:mossy_cobblestone":11,"minecraft:quartz_block":3,"quark:birch_ladder":2,"minecraft:arrow":8,"create:crimsite":1,"minecraft:rotten_flesh":1,"minecraft:bricks":3,"minecraft:iron_bars":15,"minecraft:cobblestone":100},"minecraft:killed_by":{"minecraft:skeleton":10,"minecraft:stray":1,"minecraft:zombie":4,"majruszsdifficulty:cursed_armor":2},"minecraft:mined":{"create:zinc_ore":7,"minecraft:quartz_block":3,"minecraft:soul_sand":1,"minecraft:red_bed":10,"minecraft:mossy_cobblestone":12,"minecraft:red_nether_bricks":1,"minecraft:polished_granite":1,"minecraft:torch":6,"minecraft:crafting_table":5,"vinery:red_grape_bush":1,"minecraft:grass_block":2,"minecraft:cobblestone":33,"minecraft:bricks":1,"minecraft:wall_torch":1,"minecraft:spawner":23,"minecraft:birch_planks":17,"minecraft:furnace":1,"minecraft:nether_wart_block":1,"minecraft:birch_log":39,"minecraft:fire":1,"quark:stick_block":4,"minecraft:andesite":3,"minecraft:stone_brick_stairs":2,"minecraft:mossy_stone_brick_stairs":8,"minecraft:grass":6,"minecraft:vine":24,"minecraft:iron_bars":13,"minecraft:dirt":6,"minecraft:cracked_stone_bricks":11,"minecraft:stone_bricks":2,"minecraft:stone":64,"minecraft:mossy_stone_bricks":7,"create:crimsite":1}},"DataVersion":3465}