{"stats":{"minecraft:dropped":{"minecraft:dirt":8,"minecraft:bricks":1,"quark:birch_ladder":2,"minecraft:knowledge_book":4,"minecraft:cobblestone":5,"minecraft:iron_bars":2,"minecraft:wooden_pickaxe":1,"minecraft:birch_log":4,"minecraft:polished_granite":1,"vinery:red_grape_seeds":12},"minecraft:killed":{"minecraft:spider":2},"minecraft:used":{"minecraft:wooden_axe":3,"minecraft:stone_sword":10,"minecraft:stone_pickaxe":35,"minecraft:wooden_pickaxe":27,"minecraft:stone_axe":13,"minecraft:torch":2,"minecraft:crafting_table":3},"minecraft:custom":{"minecraft:time_since_rest":2506,"lootr:looted_stat":3,"minecraft:interact_with_furnace":2,"minecraft:sprint_one_cm":113367,"minecraft:damage_taken":1842,"minecraft:walk_one_cm":70816,"minecraft:mob_kills":2,"minecraft:drop":16,"minecraft:damage_dealt":812,"minecraft:player_kills":1,"minecraft:interact_with_crafting_table":10,"minecraft:fly_one_cm":53601,"minecraft:crouch_one_cm":17778,"minecraft:play_time":35965,"minecraft:deaths":7,"minecraft:sneak_time":4366,"minecraft:jump":309,"minecraft:eat_cake_slice":6,"minecraft:time_since_death":2465,"minecraft:climb_one_cm":54,"minecraft:total_world_time":35965,"minecraft:fall_one_cm":5426},"minecraft:crafted":{"minecraft:crafting_table":3,"minecraft:stick":52,"minecraft:wooden_axe":1,"minecraft:wooden_pickaxe":3,"minecraft:stone_pickaxe":1,"minecraft:stone_sword":2,"minecraft:birch_planks":68,"minecraft:stone_axe":2},"minecraft:picked_up":{"quark:stick_block":4,"minecraft:birch_log":29,"minecraft:crafting_table":1,"minecraft:torch":4,"vinery:red_grape_seeds":15,"paraglider:spirit_orb":2,"minecraft:knowledge_book":4,"minecraft:red_bed":1,"minecraft:string":2,"minecraft:dirt":8,"minecraft:polished_granite":1,"quark:birch_ladder":2,"minecraft:rotten_flesh":1,"minecraft:wheat_seeds":1,"minecraft:bricks":1,"minecraft:iron_bars":2,"minecraft:cobblestone":46,"minecraft:furnace":1},"minecraft:killed_by":{"minecraft:skeleton":6,"minecraft:zombie":1},"minecraft:mined":{"minecraft:birch_planks":2,"minecraft:furnace":1,"minecraft:red_bed":1,"minecraft:birch_log":27,"minecraft:fire":1,"quark:stick_block":4,"minecraft:andesite":2,"minecraft:polished_granite":1,"minecraft:crafting_table":1,"minecraft:torch":3,"vinery:red_grape_bush":1,"minecraft:grass":6,"minecraft:grass_block":2,"minecraft:iron_bars":2,"minecraft:dirt":6,"minecraft:cobblestone":6,"minecraft:stone":38,"minecraft:bricks":1,"minecraft:spawner":1}},"DataVersion":3465}