{"stats":{"minecraft:dropped":{"minecraft:dirt":8,"minecraft:bricks":1,"minecraft:rotten_flesh":5,"quark:birch_ladder":2,"minecraft:knowledge_book":4,"minecraft:cobblestone":5,"minecraft:iron_bars":2,"minecraft:wooden_pickaxe":1,"minecraft:birch_log":4,"minecraft:polished_granite":1,"vinery:red_grape_seeds":15},"minecraft:killed":{"minecraft:spider":2,"minecraft:skeleton":1},"minecraft:used":{"minecraft:wooden_axe":3,"minecraft:stone_sword":10,"minecraft:birch_planks":2,"minecraft:stone_pickaxe":41,"minecraft:wooden_pickaxe":28,"minecraft:stone_axe":15,"minecraft:torch":7,"minecraft:cobblestone":1,"minecraft:crafting_table":3,"minecraft:red_bed":2},"minecraft:custom":{"minecraft:time_since_rest":5799,"lootr:looted_stat":7,"minecraft:interact_with_furnace":2,"minecraft:sprint_one_cm":154974,"minecraft:damage_taken":3132,"minecraft:walk_one_cm":92209,"minecraft:mob_kills":3,"minecraft:drop":18,"minecraft:damage_dealt":1137,"minecraft:player_kills":1,"minecraft:interact_with_crafting_table":12,"minecraft:fly_one_cm":65056,"minecraft:crouch_one_cm":20382,"minecraft:play_time":47965,"minecraft:deaths":11,"minecraft:sneak_time":5030,"minecraft:jump":383,"minecraft:eat_cake_slice":8,"minecraft:time_since_death":5775,"minecraft:sleep_in_bed":1,"minecraft:climb_one_cm":54,"minecraft:total_world_time":47965,"minecraft:fall_one_cm":7346},"minecraft:crafted":{"minecraft:crafting_table":3,"minecraft:stick":56,"minecraft:wooden_axe":2,"minecraft:wooden_pickaxe":4,"minecraft:stone_pickaxe":1,"minecraft:stone_sword":2,"minecraft:birch_planks":76,"minecraft:stone_axe":2},"minecraft:picked_up":{"quark:stick_block":4,"minecraft:birch_log":31,"minecraft:crafting_table":1,"minecraft:torch":5,"vinery:red_grape_seeds":15,"paraglider:spirit_orb":6,"minecraft:knowledge_book":4,"minecraft:red_bed":2,"minecraft:string":2,"minecraft:dirt":8,"minecraft:polished_granite":1,"quark:birch_ladder":2,"minecraft:bone":1,"minecraft:arrow":2,"minecraft:rotten_flesh":1,"minecraft:wheat_seeds":1,"minecraft:bricks":1,"minecraft:iron_bars":2,"minecraft:cobblestone":46,"minecraft:furnace":1},"minecraft:killed_by":{"minecraft:skeleton":9,"minecraft:zombie":2},"minecraft:mined":{"minecraft:birch_planks":2,"minecraft:furnace":1,"minecraft:red_bed":2,"minecraft:birch_log":29,"minecraft:fire":1,"quark:stick_block":4,"minecraft:andesite":2,"minecraft:polished_granite":1,"minecraft:crafting_table":1,"minecraft:torch":3,"vinery:red_grape_bush":1,"minecraft:grass":6,"minecraft:grass_block":2,"minecraft:iron_bars":2,"minecraft:dirt":6,"minecraft:cobblestone":7,"minecraft:stone":41,"minecraft:bricks":1,"minecraft:wall_torch":1,"minecraft:spawner":3}},"DataVersion":3465}