{"stats":{"minecraft:dropped":{"aquaculture:iron_fillet_knife":1,"minecraft:iron_sword":1,"minecraft:porkchop":3,"minecraft:wheat_seeds":13,"biomesoplenty:pink_daffodil":1,"minecraft:knowledge_book":4,"minecraft:iron_helmet":1,"minecraft:cobblestone":5,"minecraft:amethyst_block":1,"minecraft:stick":6,"minecraft:dirt":9,"biomesoplenty:goldenrod":1,"minecraft:wooden_axe":1,"minecraft:nether_wart_block":1,"minecraft:potion":1,"minecraft:paper":6,"minecraft:birch_log":4,"farmersdelight:mutton_chops":2,"vinery:red_grape_seeds":15,"minecraft:bricks":1,"minecraft:gravel":9,"farmersdelight:cabbage_seeds":2,"minecraft:rotten_flesh":19,"minecraft:shield":1,"minecraft:charcoal":5,"minecraft:andesite":5,"quark:birch_ladder":2,"born_in_chaos_v1:corpse_maggot":3,"minecraft:mossy_stone_bricks":2,"minecraft:spider_eye":3,"minecraft:stone_bricks":2,"minecraft:iron_bars":12,"minecraft:wooden_pickaxe":1,"minecraft:polished_granite":1},"minecraft:mined":{"create:zinc_ore":25,"minecraft:large_amethyst_bud":3,"farmersdelight:onions":48,"minecraft:mossy_cobblestone":18,"minecraft:red_nether_bricks":1,"minecraft:nether_bricks":5,"butchersdelight:deadsheepblock":1,"born_in_chaos_v1:dark_metal_deposit":1,"minecraft:grass_block":6,"minecraft:light_gray_bed":4,"minecraft:redstone_wire":1,"farmersdelight:tomatoes":48,"butchersdelight:deadpigblock":1,"minecraft:chiseled_stone_bricks":1,"realmrpg_skeletons:dungeon_crawler_skeleton":1,"minecraft:spawner":31,"minecraft:large_fern":1,"minecraft:hay_block":72,"minecraft:magma_block":1,"minecraft:mossy_cobblestone_slab":1,"minecraft:furnace":2,"minecraft:mossy_cobblestone_stairs":1,"minecraft:iron_ore":22,"minecraft:fire":4,"quark:stick_block":4,"minecraft:andesite":7,"minecraft:black_carpet":2,"minecraft:anvil":1,"minecraft:nether_brick_stairs":1,"minecraft:mossy_stone_brick_stairs":9,"minecraft:bookshelf":15,"biomesoplenty:high_grass":72,"minecraft:cobblestone_slab":1,"minecraft:vine":25,"minecraft:small_amethyst_bud":1,"minecraft:iron_bars":20,"farmersdelight:rice_panicles":15,"minecraft:stone":236,"minecraft:mangrove_stairs":2,"minecraft:quartz_block":6,"minecraft:red_bed":16,"minecraft:soul_sand":1,"minecraft:medium_amethyst_bud":3,"minecraft:smoker":3,"minecraft:amethyst_cluster":19,"minecraft:polished_granite":1,"minecraft:crafting_table":8,"minecraft:torch":44,"minecraft:blast_furnace":1,"vinery:red_grape_bush":1,"minecraft:white_stained_glass_pane":2,"born_in_chaos_v1:black_argillite_column_slab":1,"biomesoplenty:high_grass_plant":160,"minecraft:cobblestone":55,"farmersdelight:cabbages":48,"minecraft:copper_ore":9,"minecraft:tall_grass":8,"born_in_chaos_v1:chipped_black_argillite_brick":1,"minecraft:bricks":1,"minecraft:amethyst_block":3,"minecraft:wall_torch":11,"minecraft:chain":1,"minecraft:birch_planks":18,"lootr:trophy":1,"minecraft:nether_wart_block":2,"minecraft:birch_log":39,"farmersdelight:cutting_board":5,"born_in_chaos_v1:fired_black_argillite":1,"biomesoplenty:pink_daffodil":2,"minecraft:yellow_bed":4,"minecraft:stone_brick_stairs":3,"minecraft:grass":98,"minecraft:mangrove_slab":1,"regions_unexplored:peat_dirt":6,"minecraft:gravel":5,"minecraft:dirt":6,"minecraft:cracked_stone_bricks":45,"minecraft:stone_bricks":10,"minecraft:mossy_stone_bricks":12,"create:crimsite":1,"paraglider:goddess_statue":8},"minecraft:picked_up":{"minecraft:charcoal":5,"minecraft:black_carpet":2,"minecraft:crafting_table":8,"butchersdelightfoods:legcow":2,"minecraft:anvil":1,"minecraft:leather_leggings":1,"vinery:red_grape_seeds":15,"minecraft:potion":1,"minecraft:knowledge_book":4,"minecraft:stone_brick_stairs":4,"minecraft:chain":1,"born_in_chaos_v1:fired_black_argillite":1,"minecraft:shield":1,"minecraft:amethyst_block":1,"farmersdelight:cutting_board":5,"minecraft:string":13,"paraglider:goddess_statue":8,"minecraft:red_bed":16,"minecraft:raw_copper":30,"minecraft:red_nether_bricks":1,"born_in_chaos_v1:intoxicating_decoction":1,"butchersdelight:dead_cow":3,"minecraft:sea_pickle":6,"minecraft:cracked_stone_bricks":47,"farmersdelight:cabbage":48,"minecraft:beef":6,"minecraft:cobblestone_slab":1,"butchersdelightfoods:porkribs":2,"farmersdelight:cabbage_seeds":126,"minecraft:furnace":2,"minecraft:raw_iron":21,"farmersdelight:rotten_tomato":2,"farmersdelight:minced_beef":14,"gnumus:juicy_meat":4,"minecraft:torch":58,"sophisticatedbackpacks:backpack":1,"minecraft:porkchop":12,"farmersdelight:tomato_seeds":45,"born_in_chaos_v1:pieceofdarkmetal":1,"gnumus:grilled_juicy_meat":1,"minecraft:quartz_block":6,"minecraft:arrow":15,"minecraft:mangrove_stairs":2,"butchersdelight:deadsheep":2,"minecraft:rotten_flesh":14,"minecraft:light_gray_bed":4,"farmersdelight:onion":167,"minecraft:nether_bricks":5,"minecraft:hay_block":72,"butchersdelightfoods:ham":2,"born_in_chaos_v1:spiny_shell":4,"chococraft:chocobo_drumstick_raw":1,"minecraft:iron_bars":22,"minecraft:cobblestone":294,"minecraft:birch_log":46,"regions_unexplored:peat_dirt":6,"born_in_chaos_v1:corpse_maggot":3,"minecraft:mossy_cobblestone_slab":1,"minecraft:magma_block":1,"born_in_chaos_v1:black_argillite_column_slab":1,"butchersdelightfoods:beeftenderloin":1,"minecraft:andesite":5,"biomesoplenty:goldenrod":2,"minecraft:smoker":3,"farmersdelight:bacon":18,"minecraft:birch_planks":21,"paraglider:spirit_orb":54,"butchersdelight:deadpig":8,"create:raw_zinc":25,"minecraft:yellow_bed":4,"minecraft:nether_wart_block":2,"minecraft:gunpowder":3,"minecraft:mangrove_slab":1,"farmersdelight:tomato":75,"minecraft:dirt":12,"lootr:trophy":1,"minecraft:polished_granite":2,"farmersdelight:mutton_chops":20,"chococraft:chocobo_feather":3,"minecraft:bone":22,"minecraft:stone_bricks":10,"minecraft:wheat_seeds":16,"born_in_chaos_v1:chipped_black_argillite_brick":1,"minecraft:mossy_stone_bricks":11,"minecraft:mossy_stone_brick_stairs":8,"minecraft:iron_sword":1,"minecraft:soul_sand":1,"minecraft:book":45,"quark:stick_block":4,"irons_spellbooks:frozen_bone":5,"minecraft:cooked_porkchop":1,"minecraft:chiseled_stone_bricks":1,"minecraft:gravel":9,"butchersdelight:cow_hide":3,"butchersdelightfoods:porkloin":1,"minecraft:amethyst_shard":76,"aquaculture:iron_fillet_knife":1,"minecraft:blast_furnace":1,"minecraft:spider_eye":5,"minecraft:mossy_cobblestone":17,"quark:birch_ladder":2,"butchersdelight:sheephide":1,"create:crimsite":1,"born_in_chaos_v1:fire_dust":3,"waystones:waystone":1,"minecraft:gray_wool":1,"minecraft:mossy_cobblestone_stairs":1,"butchersdelightfoods:sheepshank":1,"biomesoplenty:pink_daffodil":2,"born_in_chaos_v1:rotten_fish":2,"minecraft:bricks":3,"minecraft:coal":49},"minecraft:killed":{"minecraft:cave_spider":3,"born_in_chaos_v1:zombie_clown_not_despawn":1,"minecraft:spider":9,"born_in_chaos_v1:thornshell_crab":1,"minecraft:zombie_horse":2,"born_in_chaos_v1:maggot":6,"minecraft:skeleton":3,"born_in_chaos_v1:firelight_not_despawn":3,"gnumus:big_snout":1,"majruszsdifficulty:cursed_armor":1,"minecraft:creeper":4,"born_in_chaos_v1:decrepit_skeleton":1,"minecraft:sheep":1,"minecraft:zombie":5,"minecraft:stray":4,"minecraft:wither_skeleton":2,"naturalist:sparrow":1,"chococraft:chocobo":1},"minecraft:custom":{"minecraft:interact_with_smithing_table":1,"lootr:looted_stat":141,"minecraft:mob_kills":49,"minecraft:interact_with_crafting_table":50,"minecraft:open_barrel":26,"minecraft:damage_dealt_resisted":224,"minecraft:eat_cake_slice":8,"minecraft:leave_game":3,"minecraft:time_since_death":139469,"minecraft:climb_one_cm":13842,"minecraft:sprint_one_cm":881682,"minecraft:walk_one_cm":464761,"minecraft:damage_blocked_by_shield":1260,"minecraft:drop":61,"minecraft:damage_dealt_absorbed":121,"minecraft:talked_to_villager":5,"minecraft:play_time":259235,"minecraft:deaths":18,"minecraft:sneak_time":32741,"minecraft:walk_under_water_one_cm":785,"minecraft:jump":2518,"minecraft:interact_with_brewingstand":4,"minecraft:interact_with_blast_furnace":10,"minecraft:walk_on_water_one_cm":4985,"minecraft:total_world_time":259235,"minecraft:interact_with_furnace":17,"minecraft:sleep_in_bed":11,"minecraft:time_since_rest":7794,"minecraft:damage_taken":7008,"minecraft:damage_dealt":8917,"minecraft:fly_one_cm":464219,"minecraft:swim_one_cm":30321,"minecraft:player_kills":1,"minecraft:crouch_one_cm":129813,"minecraft:interact_with_smoker":62,"minecraft:fall_one_cm":46292},"minecraft:used":{"minecraft:iron_bars":8,"minecraft:stone_sword":10,"minecraft:shield":13,"minecraft:iron_sword":173,"lootr:trophy":1,"minecraft:cooked_chicken":1,"aquaculture:iron_fillet_knife":4,"valhelsia_furniture:birch_table":1,"minecraft:torch":160,"minecraft:dirt":3,"minecraft:soul_sand":1,"minecraft:nether_bricks":3,"minecraft:carrot":30,"minecraft:wooden_axe":3,"born_in_chaos_v1:chipped_black_argillite_brick":1,"born_in_chaos_v1:black_argillite_column_slab":1,"minecraft:mangrove_stairs":2,"minecraft:iron_axe":27,"minecraft:stone_bricks":1,"born_in_chaos_v1:fired_black_argillite":1,"minecraft:bow":29,"farmersdelight:cutting_board":6,"minecraft:hay_block":3,"minecraft:mangrove_slab":1,"minecraft:furnace":2,"minecraft:cooked_beef":12,"minecraft:potato":17,"minecraft:light_gray_bed":4,"minecraft:water_bucket":1,"minecraft:birch_planks":71,"minecraft:stone_pickaxe":168,"minecraft:red_nether_bricks":1,"minecraft:baked_potato":5,"create:crimsite":1,"minecraft:wooden_pickaxe":28,"minecraft:mossy_stone_brick_stairs":5,"beautify:hanging_pot":1,"butchersdelightfoods:cookedsheepshank":1,"minecraft:cracked_stone_bricks":57,"minecraft:mossy_cobblestone":1,"minecraft:crafting_table":11,"minecraft:red_bed":15,"minecraft:blast_furnace":1,"minecraft:smoker":3,"biomesoplenty:pink_daffodil":1,"minecraft:bread":12,"minecraft:iron_pickaxe":441,"minecraft:stone_axe":55,"minecraft:chiseled_stone_bricks":1,"minecraft:cobblestone":149,"minecraft:potion":1,"minecraft:chain":1,"minecraft:bucket":1,"minecraft:cooked_rabbit":2,"minecraft:yellow_bed":3,"minecraft:sea_pickle":3,"minecraft:gray_wool":1},"minecraft:crafted":{"gnumus:grilled_juicy_meat":4,"chococraft:chocobo_drumstick_cooked":1,"minecraft:furnace":1,"valhelsia_furniture:birch_table":1,"butchersdelightfoods:cookedsheepshank":1,"minecraft:bow":1,"sophisticatedbackpacks:copper_backpack":2,"minecraft:iron_axe":1,"minecraft:stone_pickaxe":1,"sophisticatedbackpacks:iron_backpack":3,"farmersdelight:cooked_mutton_chops":21,"born_in_chaos_v1:smoked_fish":1,"minecraft:cooked_porkchop":7,"minecraft:crafting_table":4,"minecraft:wooden_pickaxe":4,"minecraft:baked_potato":103,"minecraft:copper_ingot":30,"sophisticatedbackpacks:gold_backpack":3,"minecraft:birch_planks":84,"waystones:warp_stone":1,"minecraft:stone_axe":2,"farmersdelight:beef_patty":28,"minecraft:air":0,"aquaculture:iron_fillet_knife":1,"farmersdelight:cutting_board":1,"minecraft:iron_chestplate":1,"minecraft:shield":1,"minecraft:stick":80,"minecraft:iron_ingot":29,"minecraft:wooden_axe":2,"minecraft:stone_sword":2,"minecraft:iron_leggings":1,"farmersdelight:cooked_bacon":29,"minecraft:gold_ingot":4,"minecraft:torch":60},"minecraft:killed_by":{"minecraft:stray":2,"minecraft:skeleton":10,"minecraft:zombie":4,"majruszsdifficulty:cursed_armor":2},"minecraft:broken":{"minecraft:stone_pickaxe":1,"minecraft:iron_pickaxe":1}},"DataVersion":3465}