{"stats":{"minecraft:dropped":{"minecraft:bricks":1,"minecraft:cobblestone":5,"minecraft:knowledge_book":4,"minecraft:rotten_flesh":5,"minecraft:dirt":8,"biomesoplenty:goldenrod":1,"minecraft:wooden_axe":1,"quark:birch_ladder":2,"minecraft:potion":1,"minecraft:iron_bars":4,"minecraft:wooden_pickaxe":1,"minecraft:birch_log":4,"minecraft:polished_granite":1,"vinery:red_grape_seeds":15},"minecraft:killed":{"minecraft:cave_spider":2,"minecraft:spider":9,"majruszsdifficulty:cursed_armor":1,"minecraft:creeper":4,"minecraft:skeleton":2,"minecraft:stray":2,"minecraft:wither_skeleton":2},"minecraft:used":{"minecraft:iron_bars":6,"minecraft:stone_sword":10,"minecraft:birch_planks":38,"minecraft:stone_pickaxe":132,"minecraft:baked_potato":1,"create:crimsite":1,"minecraft:shield":9,"minecraft:wooden_pickaxe":28,"minecraft:iron_sword":83,"minecraft:cooked_chicken":1,"minecraft:cracked_stone_bricks":5,"minecraft:torch":98,"minecraft:mossy_cobblestone":1,"minecraft:crafting_table":7,"minecraft:red_bed":8,"minecraft:carrot":9,"minecraft:wooden_axe":3,"minecraft:iron_pickaxe":6,"minecraft:stone_axe":41,"minecraft:potion":1,"minecraft:cobblestone":27,"minecraft:cooked_rabbit":2,"minecraft:cooked_beef":5},"minecraft:custom":{"minecraft:interact_with_furnace":2,"lootr:looted_stat":32,"minecraft:mob_kills":22,"minecraft:interact_with_crafting_table":22,"minecraft:damage_dealt_resisted":224,"minecraft:eat_cake_slice":8,"minecraft:time_since_death":13045,"minecraft:sleep_in_bed":2,"minecraft:climb_one_cm":1364,"minecraft:time_since_rest":13076,"minecraft:sprint_one_cm":409176,"minecraft:damage_taken":5009,"minecraft:walk_one_cm":205140,"minecraft:damage_blocked_by_shield":870,"minecraft:drop":22,"minecraft:damage_dealt":4783,"minecraft:damage_dealt_absorbed":121,"minecraft:fly_one_cm":130453,"minecraft:player_kills":1,"minecraft:crouch_one_cm":64469,"minecraft:play_time":95965,"minecraft:deaths":15,"minecraft:sneak_time":14903,"minecraft:walk_under_water_one_cm":13,"minecraft:jump":705,"minecraft:walk_on_water_one_cm":260,"minecraft:total_world_time":95965,"minecraft:fall_one_cm":9994},"minecraft:crafted":{"minecraft:crafting_table":4,"minecraft:wooden_pickaxe":4,"minecraft:birch_planks":76,"minecraft:stone_axe":2,"minecraft:bow":1,"minecraft:iron_chestplate":1,"minecraft:shield":1,"minecraft:stick":64,"minecraft:iron_ingot":2,"minecraft:stone_pickaxe":1,"minecraft:wooden_axe":2,"minecraft:stone_sword":2,"minecraft:iron_leggings":1,"minecraft:torch":36},"minecraft:picked_up":{"minecraft:birch_log":46,"minecraft:crafting_table":4,"minecraft:leather_leggings":1,"biomesoplenty:goldenrod":2,"vinery:red_grape_seeds":15,"minecraft:birch_planks":14,"minecraft:potion":1,"paraglider:spirit_orb":34,"minecraft:knowledge_book":4,"minecraft:stone_brick_stairs":1,"minecraft:gunpowder":3,"minecraft:dirt":8,"minecraft:string":12,"minecraft:red_bed":8,"minecraft:polished_granite":2,"minecraft:bone":9,"minecraft:stone_bricks":3,"minecraft:cracked_stone_bricks":9,"minecraft:wheat_seeds":1,"minecraft:mossy_stone_bricks":3,"minecraft:mossy_stone_brick_stairs":2,"minecraft:furnace":1,"quark:stick_block":4,"irons_spellbooks:frozen_bone":3,"minecraft:torch":14,"sophisticatedbackpacks:backpack":1,"minecraft:spider_eye":4,"minecraft:mossy_cobblestone":5,"minecraft:quartz_block":1,"quark:birch_ladder":2,"minecraft:arrow":8,"create:crimsite":1,"minecraft:rotten_flesh":1,"minecraft:bricks":3,"minecraft:iron_bars":14,"minecraft:cobblestone":83},"minecraft:killed_by":{"minecraft:skeleton":10,"minecraft:stray":1,"minecraft:zombie":2,"majruszsdifficulty:cursed_armor":2},"minecraft:mined":{"minecraft:quartz_block":1,"minecraft:red_bed":8,"minecraft:mossy_cobblestone":6,"minecraft:polished_granite":1,"minecraft:torch":6,"minecraft:crafting_table":4,"vinery:red_grape_bush":1,"minecraft:grass_block":2,"minecraft:cobblestone":31,"minecraft:bricks":1,"minecraft:wall_torch":1,"minecraft:spawner":21,"minecraft:birch_planks":11,"minecraft:furnace":1,"minecraft:birch_log":39,"minecraft:fire":1,"quark:stick_block":4,"minecraft:andesite":2,"minecraft:stone_brick_stairs":2,"minecraft:mossy_stone_brick_stairs":3,"minecraft:grass":6,"minecraft:vine":21,"minecraft:iron_bars":12,"minecraft:dirt":6,"minecraft:cracked_stone_bricks":10,"minecraft:stone_bricks":2,"minecraft:stone":49,"minecraft:mossy_stone_bricks":4,"create:crimsite":1}},"DataVersion":3465}