{"stats":{"minecraft:dropped":{"quark:hollow_birch_log":1,"chococraft:gysahl_green_seeds":4,"minecraft:azure_bluet":1,"quark:birch_ladder":1,"minecraft:potion":2},"minecraft:mined":{"minecraft:light_gray_stained_glass_pane":2,"minecraft:crafting_table":2,"minecraft:torch":3,"minecraft:blast_furnace":1,"minecraft:grass_block":2,"minecraft:melon":2,"minecraft:brick_stairs":1,"minecraft:campfire":1,"minecraft:coal_block":3,"minecraft:wall_torch":2,"quark:hollow_birch_log":1,"minecraft:hay_block":12,"minecraft:raw_iron_block":5,"minecraft:birch_log":18,"minecraft:iron_ore":3,"minecraft:birch_leaves":2,"minecraft:pumpkin":1,"minecraft:anvil":1,"minecraft:grass":2,"chococraft:gysahl_green":4,"minecraft:dirt":4,"minecraft:stone":16,"minecraft:fern":1},"minecraft:picked_up":{"minecraft:birch_log":18,"minecraft:charcoal":2,"minecraft:crafting_table":2,"minecraft:azure_bluet":1,"minecraft:anvil":1,"minecraft:potion":1,"minecraft:dirt":6,"minecraft:armor_stand":1,"chococraft:gysahl_green":12,"minecraft:apple":9,"minecraft:melon_slice":12,"minecraft:coal_block":5,"minecraft:birch_sapling":3,"minecraft:stick":1,"minecraft:raw_iron":3,"minecraft:pumpkin":1,"minecraft:torch":5,"minecraft:raw_iron_block":5,"chococraft:gysahl_green_seeds":4,"minecraft:blast_furnace":1,"quark:birch_ladder":1,"minecraft:hay_block":11,"quark:hollow_birch_log":1,"minecraft:brick_stairs":1,"minecraft:cobblestone":16},"minecraft:custom":{"lootr:looted_stat":20,"minecraft:interact_with_furnace":1,"minecraft:interact_with_crafting_table":6,"minecraft:open_barrel":2,"minecraft:eat_cake_slice":2,"minecraft:time_since_death":27953,"minecraft:sleep_in_bed":1,"minecraft:climb_one_cm":2450,"minecraft:time_since_rest":6774,"minecraft:sprint_one_cm":52165,"minecraft:damage_taken":44,"minecraft:walk_one_cm":60892,"minecraft:drop":6,"minecraft:damage_dealt":0,"minecraft:swim_one_cm":1872,"minecraft:talked_to_villager":2,"minecraft:fly_one_cm":21434,"minecraft:open_chest":5,"minecraft:crouch_one_cm":3380,"minecraft:play_time":27953,"minecraft:sneak_time":1747,"minecraft:walk_under_water_one_cm":5045,"minecraft:jump":191,"minecraft:interact_with_blast_furnace":17,"minecraft:walk_on_water_one_cm":2711,"minecraft:total_world_time":27953,"minecraft:fall_one_cm":3542},"minecraft:used":{"minecraft:knowledge_book":1,"create:lime_toolbox":1,"minecraft:birch_planks":2,"minecraft:stone_pickaxe":28,"minecraft:wooden_pickaxe":3,"minecraft:chainmail_helmet":1,"minecraft:stone_hoe":17,"minecraft:iron_chestplate":1,"minecraft:torch":7,"minecraft:dirt":6,"minecraft:crafting_table":2,"minecraft:apple":1,"minecraft:brick_stairs":1,"minecraft:iron_boots":1,"minecraft:stone_axe":27,"minecraft:cobblestone":9,"minecraft:iron_leggings":1},"minecraft:crafted":{"minecraft:crafting_table":1,"minecraft:wooden_pickaxe":1,"minecraft:birch_planks":12,"minecraft:stone_axe":1,"minecraft:air":0,"minecraft:stick":8,"minecraft:stone_pickaxe":1,"minecraft:iron_block":5}},"DataVersion":3465}