{"stats":{"minecraft:mined":{"minecraft:birch_log":3},"minecraft:picked_up":{"minecraft:birch_log":3},"minecraft:custom":{"minecraft:jump":4,"minecraft:time_since_rest":3953,"minecraft:crouch_one_cm":238,"minecraft:sprint_one_cm":1682,"minecraft:play_time":3953,"minecraft:damage_taken":10,"minecraft:time_since_death":3953,"minecraft:walk_one_cm":1343,"minecraft:sneak_time":210,"minecraft:climb_one_cm":319,"minecraft:total_world_time":3953,"minecraft:interact_with_crafting_table":2,"minecraft:fly_one_cm":28},"minecraft:used":{"minecraft:crafting_table":1},"minecraft:crafted":{"minecraft:birch_planks":12,"minecraft:crafting_table":1,"minecraft:stick":4,"minecraft:wooden_pickaxe":1}},"DataVersion":3465}