{"stats":{"minecraft:mined":{"minecraft:light_gray_stained_glass_pane":2,"minecraft:crafting_table":3,"minecraft:torch":3,"minecraft:blast_furnace":1,"minecraft:grass_block":2,"minecraft:melon":2,"minecraft:brick_stairs":1,"minecraft:campfire":1,"minecraft:cobblestone":3,"minecraft:coal_block":3,"minecraft:sugar_cane":9,"minecraft:wall_torch":2,"quark:hollow_birch_log":1,"minecraft:hay_block":13,"minecraft:raw_iron_block":5,"minecraft:birch_log":18,"minecraft:iron_ore":3,"minecraft:spruce_log":4,"minecraft:birch_leaves":2,"minecraft:pumpkin":1,"minecraft:anvil":1,"minecraft:grass":3,"chococraft:gysahl_green":4,"minecraft:dirt":4,"minecraft:stone":39,"minecraft:fern":1},"minecraft:dropped":{"minecraft:bread":47,"minecraft:stone_axe":1,"quark:hollow_birch_log":1,"minecraft:raw_iron":3,"minecraft:cobblestone":2,"minecraft:knowledge_book":1,"create:lime_toolbox":1,"chococraft:gysahl_green_seeds":4,"minecraft:azure_bluet":1,"minecraft:spruce_planks":3,"quark:birch_ladder":1,"minecraft:potion":2,"minecraft:pumpkin":1},"minecraft:picked_up":{"minecraft:birch_log":18,"minecraft:charcoal":2,"minecraft:crafting_table":2,"minecraft:azure_bluet":1,"minecraft:anvil":1,"minecraft:potion":1,"minecraft:knowledge_book":1,"minecraft:dirt":6,"minecraft:armor_stand":1,"chococraft:gysahl_green":12,"minecraft:apple":9,"minecraft:sugar_cane":13,"minecraft:melon_slice":12,"minecraft:coal_block":5,"minecraft:birch_sapling":3,"minecraft:stick":1,"minecraft:raw_iron":3,"minecraft:pumpkin":1,"minecraft:torch":5,"minecraft:raw_iron_block":5,"chococraft:gysahl_green_seeds":4,"minecraft:blast_furnace":1,"minecraft:spruce_log":4,"quark:birch_ladder":1,"waystones:waystone":1,"minecraft:hay_block":12,"quark:hollow_birch_log":1,"minecraft:bread":47,"minecraft:brick_stairs":1,"minecraft:cobblestone":38},"minecraft:killed":{"naturalist:snake":1,"minecraft:skeleton":1,"gnumus:gnumus_hunter":1,"minecraft:skeleton_horse":1},"minecraft:custom":{"lootr:looted_stat":40,"minecraft:interact_with_furnace":1,"minecraft:mob_kills":4,"minecraft:interact_with_crafting_table":7,"minecraft:open_barrel":2,"minecraft:interact_with_stonecutter":1,"minecraft:eat_cake_slice":2,"minecraft:time_since_death":69953,"minecraft:sleep_in_bed":1,"minecraft:climb_one_cm":3060,"minecraft:time_since_rest":48774,"minecraft:waystone_activated":1,"minecraft:sprint_one_cm":190862,"minecraft:damage_taken":641,"minecraft:walk_one_cm":123385,"minecraft:drop":15,"minecraft:damage_dealt":429,"minecraft:swim_one_cm":115089,"minecraft:talked_to_villager":2,"minecraft:fly_one_cm":211355,"minecraft:open_chest":5,"minecraft:crouch_one_cm":4431,"minecraft:play_time":69953,"minecraft:sneak_time":2263,"minecraft:walk_under_water_one_cm":20048,"minecraft:jump":968,"minecraft:interact_with_blast_furnace":17,"minecraft:walk_on_water_one_cm":16234,"minecraft:interact_with_smoker":1,"minecraft:total_world_time":69953,"minecraft:fall_one_cm":27627},"minecraft:used":{"minecraft:knowledge_book":1,"create:lime_toolbox":1,"minecraft:birch_planks":2,"minecraft:stone_pickaxe":44,"minecraft:spruce_planks":8,"minecraft:wooden_pickaxe":3,"minecraft:iron_sword":7,"minecraft:chainmail_helmet":1,"minecraft:stone_hoe":18,"minecraft:iron_chestplate":1,"minecraft:torch":9,"minecraft:dirt":6,"minecraft:crafting_table":3,"minecraft:spruce_boat":1,"minecraft:apple":1,"minecraft:bread":15,"minecraft:brick_stairs":1,"minecraft:iron_pickaxe":18,"minecraft:iron_boots":1,"minecraft:stone_axe":34,"minecraft:cobblestone":13,"minecraft:iron_leggings":1},"minecraft:crafted":{"minecraft:crafting_table":1,"minecraft:spruce_planks":16,"minecraft:wooden_pickaxe":1,"minecraft:birch_planks":12,"minecraft:stone_axe":1,"minecraft:air":0,"minecraft:stick":8,"minecraft:stone_pickaxe":1,"minecraft:iron_block":5,"minecraft:spruce_boat":1}},"DataVersion":3465}