{"stats":{"minecraft:mined":{"minecraft:raw_iron_block":5,"minecraft:light_gray_stained_glass_pane":2,"minecraft:iron_ore":3,"minecraft:birch_log":18,"minecraft:birch_leaves":2,"minecraft:anvil":1,"minecraft:torch":1,"minecraft:crafting_table":2,"chococraft:gysahl_green":4,"minecraft:grass_block":2,"minecraft:dirt":4,"minecraft:campfire":1,"minecraft:coal_block":1,"minecraft:stone":16,"minecraft:fern":1,"quark:hollow_birch_log":1},"minecraft:picked_up":{"minecraft:birch_log":18,"minecraft:raw_iron":3,"minecraft:charcoal":2,"minecraft:stick":1,"minecraft:crafting_table":2,"minecraft:anvil":1,"minecraft:torch":1,"minecraft:raw_iron_block":5,"chococraft:gysahl_green_seeds":4,"minecraft:dirt":6,"quark:birch_ladder":1,"minecraft:apple":9,"chococraft:gysahl_green":12,"quark:hollow_birch_log":1,"minecraft:coal_block":1,"minecraft:birch_sapling":3,"minecraft:cobblestone":16},"minecraft:custom":{"minecraft:time_since_rest":15953,"lootr:looted_stat":1,"minecraft:sprint_one_cm":27986,"minecraft:damage_taken":10,"minecraft:walk_one_cm":20313,"minecraft:swim_one_cm":1872,"minecraft:interact_with_crafting_table":6,"minecraft:talked_to_villager":2,"minecraft:fly_one_cm":10901,"minecraft:crouch_one_cm":3170,"minecraft:play_time":15953,"minecraft:sneak_time":1616,"minecraft:walk_under_water_one_cm":5045,"minecraft:jump":128,"minecraft:eat_cake_slice":2,"minecraft:interact_with_blast_furnace":4,"minecraft:walk_on_water_one_cm":2711,"minecraft:time_since_death":15953,"minecraft:climb_one_cm":319,"minecraft:total_world_time":15953,"minecraft:fall_one_cm":1163},"minecraft:used":{"minecraft:knowledge_book":1,"minecraft:birch_planks":2,"minecraft:stone_pickaxe":23,"minecraft:wooden_pickaxe":3,"minecraft:chainmail_helmet":1,"minecraft:iron_boots":1,"minecraft:iron_chestplate":1,"minecraft:stone_axe":22,"minecraft:torch":2,"minecraft:dirt":6,"minecraft:cobblestone":9,"minecraft:crafting_table":2,"minecraft:iron_leggings":1},"minecraft:crafted":{"minecraft:crafting_table":1,"minecraft:stick":8,"minecraft:wooden_pickaxe":1,"minecraft:stone_pickaxe":1,"minecraft:iron_block":1,"minecraft:birch_planks":12,"minecraft:stone_axe":1,"minecraft:air":0}},"DataVersion":3465}