{"stats":{"minecraft:mined":{"minecraft:dark_prismarine":1,"minecraft:tuff":2,"butchersdelight:deadsheepblock":1,"minecraft:ladder":1,"minecraft:nether_bricks":4,"minecraft:granite":143,"minecraft:grass_block":8,"minecraft:deepslate_bricks":2,"minecraft:spawner":12,"minecraft:hay_block":32,"minecraft:raw_iron_block":8,"minecraft:magma_block":4,"minecraft:furnace":6,"minecraft:iron_ore":33,"minecraft:andesite":19,"minecraft:chiseled_deepslate":1,"minecraft:nether_brick_stairs":2,"chococraft:gysahl_green":4,"minecraft:iron_bars":4,"minecraft:stone":155,"minecraft:smoker":1,"minecraft:snow_block":23,"minecraft:powder_snow":29,"minecraft:crafting_table":11,"minecraft:torch":1,"minecraft:tall_grass":1,"minecraft:cobblestone":29,"minecraft:lapis_ore":2,"regions_unexplored:daisy":1,"minecraft:prismarine":1,"minecraft:diorite":8,"minecraft:stone_stairs":1,"minecraft:birch_planks":54,"minecraft:birch_log":29,"minecraft:birch_leaves":3,"biomesoplenty:fir_log":16,"minecraft:grass":5,"minecraft:coal_ore":37,"regions_unexplored:silver_birch_log":2,"minecraft:sand":4,"minecraft:dirt":13,"minecraft:stone_bricks":2,"minecraft:netherrack":1,"minecraft:deepslate":2},"minecraft:dropped":{"minecraft:water_bucket":1,"minecraft:nether_brick_stairs":5,"minecraft:enchanted_book":2,"minecraft:bread":35,"farmersdelight:iron_knife":1,"minecraft:birch_planks":3,"minecraft:glass_bottle":1,"minecraft:crafting_table":2,"minecraft:crossbow":2,"minecraft:iron_helmet":3,"minecraft:cobblestone":78,"minecraft:knowledge_book":9,"minecraft:leather":2,"chococraft:gysahl_green_seeds":3,"minecraft:granite":128,"minecraft:sentry_armor_trim_smithing_template":2,"regions_unexplored:daisy":2,"biomesoplenty:fir_sapling":1,"minecraft:emerald":1,"minecraft:stick":4,"chococraft:chocobo_drumstick_raw":1,"minecraft:snowball":48,"born_in_chaos_v1:stimulating_decoction":1,"born_in_chaos_v1:black_argillite_brick_wall":1,"minecraft:iron_pickaxe":2,"irons_spellbooks:frozen_bone":1,"minecraft:white_wool":3,"butchersdelight:cow_hide":1,"vinery:red_grape_seeds":6,"minecraft:stone_axe":2,"chococraft:chocobo_feather":1,"minecraft:birch_sapling":4,"minecraft:obsidian":3,"minecraft:raw_iron":3,"minecraft:rotten_flesh":5,"minecraft:iron_boots":1,"minecraft:smoker":1,"farmersdelight:straw":1,"minecraft:stone_stairs":1,"minecraft:nether_bricks":4,"minecraft:diamond_chestplate":1,"butchersdelightfoods:beeftenderloin":1,"minecraft:iron_chestplate":3,"minecraft:andesite":4,"born_in_chaos_v1:corpse_maggot":1,"minecraft:stone_bricks":1,"minecraft:iron_bars":4,"minecraft:stone_pickaxe":1,"minecraft:wooden_pickaxe":1,"minecraft:dark_prismarine":1,"chococraft:gysahl_green":7,"minecraft:netherrack":3},"minecraft:picked_up":{"minecraft:crafting_table":13,"minecraft:iron_chestplate":2,"minecraft:ladder":1,"minecraft:wooden_pickaxe":1,"vinery:red_grape_seeds":9,"born_in_chaos_v1:black_argillite_brick_wall":1,"minecraft:knowledge_book":1,"minecraft:string":1,"minecraft:stone_stairs":1,"minecraft:iron_axe":1,"butchersdelight:dead_cow":2,"minecraft:diamond_leggings":1,"minecraft:cobbled_deepslate":1,"farmersdelight:straw":1,"minecraft:iron_pickaxe":2,"born_in_chaos_v1:stimulating_decoction":1,"minecraft:birch_sapling":4,"minecraft:furnace":6,"minecraft:stick":8,"minecraft:raw_iron":33,"minecraft:torch":1,"minecraft:diorite":7,"regions_unexplored:daisy":2,"minecraft:diamond_chestplate":1,"minecraft:arrow":11,"butchersdelight:deadsheep":4,"minecraft:rotten_flesh":7,"minecraft:nether_bricks":5,"minecraft:hay_block":32,"minecraft:saddle":1,"chococraft:chocobo_drumstick_raw":1,"minecraft:iron_bars":8,"minecraft:snowball":48,"minecraft:white_wool":6,"minecraft:cobblestone":170,"paraglider:paraglider":1,"minecraft:birch_log":28,"born_in_chaos_v1:corpse_maggot":1,"minecraft:magma_block":2,"butchersdelightfoods:beeftenderloin":1,"minecraft:water_bucket":1,"minecraft:andesite":19,"minecraft:leather":2,"minecraft:smoker":1,"biomesoplenty:fir_sapling":1,"minecraft:birch_planks":49,"biomesoplenty:fir_log":16,"paraglider:spirit_orb":14,"minecraft:tuff":1,"minecraft:lapis_lazuli":16,"minecraft:dirt":7,"minecraft:white_banner":1,"chococraft:chocobo_feather":2,"minecraft:bone":15,"chococraft:gysahl_green":10,"minecraft:stone_bricks":1,"minecraft:glass_bottle":1,"minecraft:prismarine":1,"irons_spellbooks:frozen_bone":1,"minecraft:birch_boat":2,"minecraft:raw_iron_block":8,"butchersdelight:cow_hide":1,"minecraft:sand":4,"chococraft:gysahl_green_seeds":3,"minecraft:nether_brick_stairs":9,"minecraft:dark_prismarine":1,"minecraft:stone_axe":2,"waystones:waystone":2,"regions_unexplored:silver_birch_log":2,"minecraft:iron_helmet":2,"minecraft:crossbow":2,"minecraft:granite":134,"minecraft:emerald":1,"minecraft:bread":21,"minecraft:netherrack":3,"minecraft:coal":71},"minecraft:killed":{"born_in_chaos_v1:zombie_clown":1,"minecraft:spider":2,"born_in_chaos_v1:maggot":2,"minecraft:skeleton":7,"minecraft:husk":1,"gnumus:gnumus_merchant":1,"minecraft:sheep":3,"minecraft:pillager":1,"minecraft:zombie":9,"minecraft:stray":1,"chococraft:chocobo":1},"minecraft:custom":{"minecraft:interact_with_smithing_table":1,"lootr:looted_stat":70,"minecraft:mob_kills":30,"minecraft:open_barrel":2,"minecraft:interact_with_crafting_table":14,"minecraft:eat_cake_slice":3,"minecraft:leave_game":2,"minecraft:time_since_death":2903,"minecraft:climb_one_cm":21888,"minecraft:sprint_one_cm":517014,"minecraft:walk_one_cm":316936,"minecraft:damage_blocked_by_shield":3045,"minecraft:drop":131,"minecraft:talked_to_villager":1,"minecraft:play_time":209475,"minecraft:deaths":6,"minecraft:sneak_time":10313,"minecraft:walk_under_water_one_cm":82916,"minecraft:boat_one_cm":150947,"minecraft:jump":3512,"minecraft:walk_on_water_one_cm":37126,"minecraft:total_world_time":209475,"minecraft:interact_with_furnace":24,"minecraft:raid_trigger":1,"minecraft:interact_with_loom":1,"minecraft:sleep_in_bed":1,"minecraft:time_since_rest":2919,"minecraft:waystone_activated":2,"minecraft:damage_taken":6543,"minecraft:damage_absorbed":119,"minecraft:damage_dealt":6263,"minecraft:swim_one_cm":192478,"minecraft:fly_one_cm":644024,"minecraft:player_kills":1,"minecraft:open_chest":2,"minecraft:crouch_one_cm":20633,"minecraft:interact_with_smoker":1,"minecraft:fall_one_cm":124734},"minecraft:used":{"minecraft:iron_shovel":71,"minecraft:shield":30,"minecraft:iron_sword":66,"minecraft:iron_chestplate":1,"minecraft:torch":7,"minecraft:dirt":7,"minecraft:tuff":1,"minecraft:granite":6,"minecraft:snowball":1,"minecraft:iron_axe":88,"minecraft:iron_helmet":1,"minecraft:iron_boots":1,"supplementaries:bomb_blue":1,"minecraft:magma_block":2,"minecraft:hay_block":3,"minecraft:goat_horn":2,"minecraft:furnace":6,"minecraft:cobbled_deepslate":1,"minecraft:knowledge_book":25,"minecraft:water_bucket":7,"minecraft:birch_planks":135,"minecraft:prismarine":1,"minecraft:stone_pickaxe":1,"minecraft:wooden_pickaxe":30,"minecraft:birch_boat":2,"biomesoplenty:fir_planks":62,"minecraft:golden_apple":3,"minecraft:sand":4,"minecraft:crafting_table":12,"minecraft:white_bed":1,"waystones:waystone":1,"minecraft:diamond_pickaxe":204,"minecraft:bread":83,"minecraft:iron_pickaxe":249,"minecraft:stone_axe":37,"minecraft:diamond_sword":78,"minecraft:cobblestone":80,"minecraft:bucket":8,"minecraft:andesite":2,"minecraft:experience_bottle":2},"minecraft:crafted":{"minecraft:raw_iron":72,"minecraft:birch_boat":1,"minecraft:furnace":3,"minecraft:iron_axe":1,"minecraft:stone_pickaxe":1,"minecraft:wheat":261,"minecraft:crafting_table":2,"minecraft:wooden_pickaxe":1,"minecraft:bucket":1,"minecraft:birch_planks":120,"minecraft:stone_axe":1,"minecraft:bread":87,"minecraft:air":0,"biomesoplenty:fir_planks":64,"minecraft:diamond_pickaxe":1,"minecraft:shield":1,"minecraft:stick":16,"minecraft:iron_pickaxe":1,"minecraft:iron_ingot":102,"minecraft:iron_shovel":1,"chococraft:chocobo_saddle":1,"minecraft:white_bed":1,"minecraft:torch":16},"minecraft:killed_by":{"minecraft:player":1,"minecraft:vindicator":1,"minecraft:skeleton":2,"minecraft:zombie":1},"minecraft:broken":{"minecraft:shield":1,"minecraft:iron_axe":1,"minecraft:iron_pickaxe":1}},"DataVersion":3465}