{"stats":{"minecraft:dropped":{"minecraft:nether_brick_stairs":5,"farmersdelight:iron_knife":1,"minecraft:stone_axe":2,"minecraft:glass_bottle":1,"minecraft:birch_sapling":4,"minecraft:iron_helmet":3,"minecraft:cobblestone":1,"minecraft:knowledge_book":9,"minecraft:iron_boots":1,"farmersdelight:straw":1,"minecraft:stone_stairs":1,"minecraft:nether_bricks":4,"butchersdelightfoods:beeftenderloin":1,"minecraft:iron_chestplate":3,"minecraft:andesite":3,"born_in_chaos_v1:corpse_maggot":1,"minecraft:stone_bricks":1,"born_in_chaos_v1:black_argillite_brick_wall":1,"minecraft:iron_bars":4,"minecraft:wooden_pickaxe":1,"minecraft:stone_pickaxe":1,"minecraft:iron_pickaxe":2,"minecraft:white_wool":3,"chococraft:gysahl_green":2,"minecraft:netherrack":3,"butchersdelight:cow_hide":1,"vinery:red_grape_seeds":6},"minecraft:used":{"minecraft:birch_planks":32,"minecraft:stone_pickaxe":1,"minecraft:shield":21,"minecraft:wooden_pickaxe":30,"minecraft:iron_sword":66,"minecraft:iron_chestplate":1,"minecraft:torch":6,"minecraft:golden_apple":2,"minecraft:dirt":6,"minecraft:crafting_table":7,"minecraft:white_bed":1,"minecraft:tuff":1,"minecraft:iron_axe":7,"minecraft:bread":36,"minecraft:iron_pickaxe":153,"minecraft:iron_helmet":1,"minecraft:iron_boots":1,"minecraft:diamond_sword":32,"minecraft:stone_axe":37,"minecraft:cobblestone":46,"minecraft:hay_block":1,"minecraft:furnace":3,"minecraft:andesite":2,"minecraft:cobbled_deepslate":1},"minecraft:killed":{"minecraft:husk":1,"minecraft:spider":1,"born_in_chaos_v1:maggot":1,"minecraft:skeleton":7,"minecraft:sheep":3,"minecraft:zombie":7},"minecraft:custom":{"minecraft:interact_with_furnace":7,"lootr:looted_stat":39,"minecraft:mob_kills":21,"minecraft:interact_with_crafting_table":9,"minecraft:open_barrel":2,"minecraft:leave_game":2,"minecraft:time_since_death":9155,"minecraft:sleep_in_bed":1,"minecraft:climb_one_cm":5414,"minecraft:time_since_rest":9181,"minecraft:sprint_one_cm":245253,"minecraft:damage_absorbed":80,"minecraft:damage_taken":3071,"minecraft:walk_one_cm":178623,"minecraft:damage_blocked_by_shield":2295,"minecraft:drop":62,"minecraft:damage_dealt":3805,"minecraft:swim_one_cm":4938,"minecraft:fly_one_cm":178297,"minecraft:open_chest":2,"minecraft:crouch_one_cm":12655,"minecraft:deaths":2,"minecraft:play_time":74060,"minecraft:sneak_time":4705,"minecraft:walk_under_water_one_cm":1337,"minecraft:jump":1048,"minecraft:walk_on_water_one_cm":1751,"minecraft:total_world_time":74060,"minecraft:interact_with_smoker":1,"minecraft:fall_one_cm":34721},"minecraft:crafted":{"minecraft:crafting_table":2,"minecraft:wooden_pickaxe":1,"minecraft:furnace":3,"minecraft:birch_planks":76,"minecraft:stone_axe":1,"minecraft:air":0,"minecraft:shield":1,"minecraft:stick":8,"minecraft:iron_ingot":5,"minecraft:iron_pickaxe":1,"minecraft:stone_pickaxe":1,"minecraft:iron_shovel":1,"minecraft:white_bed":1,"minecraft:torch":16},"minecraft:picked_up":{"minecraft:birch_log":19,"born_in_chaos_v1:corpse_maggot":1,"minecraft:iron_chestplate":2,"minecraft:crafting_table":6,"butchersdelightfoods:beeftenderloin":1,"minecraft:andesite":18,"minecraft:leather":2,"minecraft:wooden_pickaxe":1,"vinery:red_grape_seeds":9,"minecraft:smoker":1,"born_in_chaos_v1:black_argillite_brick_wall":1,"minecraft:birch_planks":6,"paraglider:spirit_orb":14,"minecraft:knowledge_book":1,"minecraft:tuff":1,"minecraft:dirt":6,"minecraft:stone_stairs":1,"minecraft:iron_axe":1,"minecraft:bone":12,"chococraft:gysahl_green":2,"minecraft:stone_bricks":1,"minecraft:diamond_leggings":1,"minecraft:cobbled_deepslate":1,"farmersdelight:straw":1,"minecraft:iron_pickaxe":2,"minecraft:glass_bottle":1,"minecraft:birch_sapling":4,"minecraft:furnace":3,"minecraft:stick":6,"minecraft:raw_iron":5,"minecraft:torch":1,"butchersdelight:cow_hide":1,"minecraft:nether_brick_stairs":9,"minecraft:diorite":7,"minecraft:arrow":11,"butchersdelight:deadsheep":4,"minecraft:rotten_flesh":2,"minecraft:stone_axe":2,"minecraft:nether_bricks":5,"waystones:waystone":1,"minecraft:iron_helmet":2,"minecraft:hay_block":32,"minecraft:saddle":1,"minecraft:bread":21,"minecraft:netherrack":3,"minecraft:iron_bars":8,"minecraft:coal":71,"minecraft:white_wool":6,"minecraft:cobblestone":77},"minecraft:killed_by":{"minecraft:skeleton":1,"minecraft:zombie":1},"minecraft:mined":{"minecraft:tuff":2,"minecraft:smoker":1,"minecraft:torch":1,"minecraft:crafting_table":6,"minecraft:nether_bricks":4,"butchersdelight:deadsheepblock":1,"minecraft:grass_block":1,"minecraft:cobblestone":12,"minecraft:diorite":8,"minecraft:spawner":12,"minecraft:stone_stairs":1,"minecraft:hay_block":32,"minecraft:birch_planks":6,"minecraft:furnace":3,"minecraft:birch_log":19,"minecraft:iron_ore":5,"minecraft:andesite":18,"minecraft:nether_brick_stairs":2,"minecraft:grass":2,"minecraft:coal_ore":37,"minecraft:iron_bars":4,"minecraft:dirt":5,"minecraft:netherrack":1,"minecraft:stone_bricks":2,"minecraft:stone":66,"minecraft:deepslate":2}},"DataVersion":3465}