{"stats":{"minecraft:dropped":{"farmersdelight:iron_knife":1,"minecraft:stone_axe":1,"minecraft:glass_bottle":1,"minecraft:birch_sapling":4,"minecraft:cobblestone":1,"minecraft:knowledge_book":9,"farmersdelight:straw":1,"butchersdelightfoods:beeftenderloin":1,"minecraft:stone_bricks":1,"born_in_chaos_v1:black_argillite_brick_wall":1,"minecraft:stone_pickaxe":1,"butchersdelight:cow_hide":1},"minecraft:used":{"minecraft:birch_planks":11,"minecraft:stone_pickaxe":1,"minecraft:wooden_pickaxe":30,"minecraft:iron_chestplate":1,"minecraft:dirt":6,"minecraft:crafting_table":1,"minecraft:tuff":1,"minecraft:bread":10,"minecraft:iron_pickaxe":67,"minecraft:iron_helmet":1,"minecraft:stone_axe":21,"minecraft:cobblestone":8,"minecraft:andesite":2,"minecraft:cobbled_deepslate":1},"minecraft:killed":{"minecraft:husk":1,"minecraft:skeleton":3,"minecraft:sheep":3},"minecraft:custom":{"lootr:looted_stat":20,"minecraft:mob_kills":8,"minecraft:interact_with_crafting_table":4,"minecraft:open_barrel":2,"minecraft:leave_game":2,"minecraft:time_since_death":38060,"minecraft:sleep_in_bed":1,"minecraft:climb_one_cm":3553,"minecraft:time_since_rest":1019,"minecraft:sprint_one_cm":88526,"minecraft:damage_taken":1196,"minecraft:walk_one_cm":82602,"minecraft:drop":23,"minecraft:damage_dealt":1329,"minecraft:swim_one_cm":4938,"minecraft:fly_one_cm":97484,"minecraft:open_chest":2,"minecraft:crouch_one_cm":6275,"minecraft:play_time":38060,"minecraft:sneak_time":2221,"minecraft:walk_under_water_one_cm":1337,"minecraft:jump":592,"minecraft:walk_on_water_one_cm":1751,"minecraft:total_world_time":38060,"minecraft:interact_with_smoker":1,"minecraft:fall_one_cm":17670},"minecraft:crafted":{"minecraft:crafting_table":1,"minecraft:wooden_pickaxe":1,"minecraft:furnace":3,"minecraft:birch_planks":28,"minecraft:stone_axe":1,"minecraft:stone_pickaxe":1},"minecraft:picked_up":{"minecraft:birch_log":7,"minecraft:crafting_table":1,"butchersdelightfoods:beeftenderloin":1,"minecraft:andesite":3,"minecraft:smoker":1,"born_in_chaos_v1:black_argillite_brick_wall":1,"minecraft:knowledge_book":1,"minecraft:tuff":1,"minecraft:dirt":6,"minecraft:stone_stairs":1,"minecraft:bone":6,"minecraft:stone_bricks":1,"minecraft:cobbled_deepslate":1,"farmersdelight:straw":1,"minecraft:iron_pickaxe":1,"minecraft:glass_bottle":1,"minecraft:birch_sapling":4,"minecraft:stick":6,"minecraft:raw_iron":5,"butchersdelight:cow_hide":1,"minecraft:arrow":5,"butchersdelight:deadsheep":4,"minecraft:stone_axe":1,"waystones:waystone":1,"minecraft:hay_block":31,"minecraft:saddle":1,"minecraft:bread":21,"minecraft:coal":36,"minecraft:white_wool":3,"minecraft:cobblestone":39},"minecraft:mined":{"minecraft:tuff":2,"minecraft:smoker":1,"minecraft:crafting_table":1,"butchersdelight:deadsheepblock":1,"minecraft:grass_block":1,"minecraft:cobblestone":3,"minecraft:spawner":3,"minecraft:stone_stairs":1,"minecraft:hay_block":31,"minecraft:birch_log":7,"minecraft:iron_ore":5,"minecraft:andesite":3,"minecraft:grass":2,"minecraft:coal_ore":37,"minecraft:dirt":5,"minecraft:stone_bricks":2,"minecraft:stone":38,"minecraft:deepslate":2}},"DataVersion":3465}