{"stats":{"minecraft:dropped":{"minecraft:nether_brick_stairs":5,"minecraft:enchanted_book":1,"farmersdelight:iron_knife":1,"minecraft:glass_bottle":1,"minecraft:iron_helmet":3,"minecraft:cobblestone":14,"minecraft:knowledge_book":9,"chococraft:gysahl_green_seeds":3,"regions_unexplored:daisy":2,"chococraft:chocobo_drumstick_raw":1,"born_in_chaos_v1:stimulating_decoction":1,"born_in_chaos_v1:black_argillite_brick_wall":1,"minecraft:iron_pickaxe":2,"irons_spellbooks:frozen_bone":1,"minecraft:white_wool":3,"butchersdelight:cow_hide":1,"vinery:red_grape_seeds":6,"minecraft:stone_axe":2,"chococraft:chocobo_feather":1,"minecraft:birch_sapling":4,"minecraft:obsidian":3,"minecraft:rotten_flesh":5,"minecraft:iron_boots":1,"farmersdelight:straw":1,"minecraft:stone_stairs":1,"minecraft:nether_bricks":4,"butchersdelightfoods:beeftenderloin":1,"minecraft:iron_chestplate":3,"minecraft:andesite":3,"born_in_chaos_v1:corpse_maggot":1,"minecraft:stone_bricks":1,"minecraft:iron_bars":4,"minecraft:stone_pickaxe":1,"minecraft:wooden_pickaxe":1,"minecraft:dark_prismarine":1,"chococraft:gysahl_green":7,"minecraft:netherrack":3},"minecraft:broken":{"minecraft:iron_axe":1},"minecraft:used":{"minecraft:iron_shovel":4,"minecraft:shield":29,"minecraft:iron_sword":66,"minecraft:iron_chestplate":1,"minecraft:torch":7,"minecraft:dirt":6,"minecraft:tuff":1,"minecraft:iron_axe":64,"minecraft:iron_helmet":1,"minecraft:iron_boots":1,"supplementaries:bomb_blue":1,"minecraft:magma_block":1,"minecraft:hay_block":3,"minecraft:furnace":3,"minecraft:cobbled_deepslate":1,"minecraft:knowledge_book":9,"minecraft:birch_planks":135,"minecraft:stone_pickaxe":1,"minecraft:prismarine":1,"minecraft:wooden_pickaxe":30,"minecraft:golden_apple":3,"minecraft:sand":4,"minecraft:crafting_table":9,"minecraft:white_bed":1,"minecraft:bread":59,"minecraft:iron_pickaxe":195,"minecraft:stone_axe":37,"minecraft:diamond_sword":63,"minecraft:cobblestone":74,"minecraft:andesite":2},"minecraft:killed":{"born_in_chaos_v1:zombie_clown":1,"minecraft:spider":2,"born_in_chaos_v1:maggot":2,"minecraft:skeleton":7,"minecraft:husk":1,"minecraft:sheep":3,"minecraft:zombie":9,"minecraft:stray":1,"chococraft:chocobo":1},"minecraft:custom":{"lootr:looted_stat":58,"minecraft:mob_kills":28,"minecraft:interact_with_crafting_table":11,"minecraft:open_barrel":2,"minecraft:eat_cake_slice":3,"minecraft:leave_game":2,"minecraft:time_since_death":69155,"minecraft:climb_one_cm":5414,"minecraft:sprint_one_cm":386073,"minecraft:walk_one_cm":226198,"minecraft:damage_blocked_by_shield":2985,"minecraft:drop":83,"minecraft:talked_to_villager":1,"minecraft:play_time":134060,"minecraft:deaths":2,"minecraft:sneak_time":7405,"minecraft:walk_under_water_one_cm":53362,"minecraft:boat_one_cm":68957,"minecraft:jump":1951,"minecraft:walk_on_water_one_cm":26335,"minecraft:total_world_time":134060,"minecraft:interact_with_furnace":7,"minecraft:interact_with_loom":1,"minecraft:sleep_in_bed":1,"minecraft:time_since_rest":69181,"minecraft:waystone_activated":1,"minecraft:damage_taken":4101,"minecraft:damage_absorbed":119,"minecraft:damage_dealt":5615,"minecraft:swim_one_cm":119192,"minecraft:fly_one_cm":346814,"minecraft:player_kills":1,"minecraft:open_chest":2,"minecraft:crouch_one_cm":15174,"minecraft:interact_with_smoker":1,"minecraft:fall_one_cm":57960},"minecraft:crafted":{"minecraft:furnace":3,"minecraft:iron_axe":1,"minecraft:stone_pickaxe":1,"minecraft:wheat":261,"minecraft:crafting_table":2,"minecraft:wooden_pickaxe":1,"minecraft:birch_planks":112,"minecraft:stone_axe":1,"minecraft:bread":87,"minecraft:air":0,"minecraft:shield":1,"minecraft:stick":12,"minecraft:iron_ingot":5,"minecraft:iron_pickaxe":1,"minecraft:iron_shovel":1,"chococraft:chocobo_saddle":1,"minecraft:white_bed":1,"minecraft:torch":16},"minecraft:picked_up":{"minecraft:crafting_table":8,"minecraft:iron_chestplate":2,"minecraft:wooden_pickaxe":1,"born_in_chaos_v1:black_argillite_brick_wall":1,"vinery:red_grape_seeds":9,"minecraft:knowledge_book":1,"minecraft:string":1,"minecraft:stone_stairs":1,"minecraft:iron_axe":1,"minecraft:diamond_leggings":1,"minecraft:cobbled_deepslate":1,"farmersdelight:straw":1,"minecraft:iron_pickaxe":2,"born_in_chaos_v1:stimulating_decoction":1,"minecraft:birch_sapling":4,"minecraft:furnace":3,"minecraft:raw_iron":8,"minecraft:stick":6,"minecraft:torch":1,"minecraft:diorite":7,"regions_unexplored:daisy":2,"minecraft:arrow":11,"butchersdelight:deadsheep":4,"minecraft:rotten_flesh":7,"minecraft:nether_bricks":5,"minecraft:hay_block":32,"minecraft:saddle":1,"chococraft:chocobo_drumstick_raw":1,"minecraft:iron_bars":8,"minecraft:white_wool":6,"minecraft:cobblestone":105,"minecraft:birch_log":28,"born_in_chaos_v1:corpse_maggot":1,"minecraft:magma_block":1,"butchersdelightfoods:beeftenderloin":1,"minecraft:andesite":18,"minecraft:leather":2,"minecraft:smoker":1,"minecraft:birch_planks":49,"paraglider:spirit_orb":14,"minecraft:tuff":1,"minecraft:dirt":6,"chococraft:chocobo_feather":2,"minecraft:bone":14,"chococraft:gysahl_green":10,"minecraft:stone_bricks":1,"minecraft:glass_bottle":1,"minecraft:prismarine":1,"irons_spellbooks:frozen_bone":1,"butchersdelight:cow_hide":1,"minecraft:sand":4,"chococraft:gysahl_green_seeds":3,"minecraft:nether_brick_stairs":9,"minecraft:dark_prismarine":1,"minecraft:stone_axe":2,"waystones:waystone":1,"minecraft:iron_helmet":2,"minecraft:granite":5,"minecraft:bread":21,"minecraft:netherrack":3,"minecraft:coal":71},"minecraft:killed_by":{"minecraft:skeleton":1,"minecraft:zombie":1},"minecraft:mined":{"minecraft:dark_prismarine":1,"minecraft:tuff":2,"minecraft:granite":5,"butchersdelight:deadsheepblock":1,"minecraft:nether_bricks":4,"minecraft:grass_block":1,"minecraft:spawner":12,"minecraft:hay_block":32,"minecraft:magma_block":3,"minecraft:furnace":3,"minecraft:iron_ore":8,"minecraft:andesite":19,"minecraft:nether_brick_stairs":2,"chococraft:gysahl_green":4,"minecraft:iron_bars":4,"minecraft:stone":92,"minecraft:smoker":1,"minecraft:crafting_table":8,"minecraft:torch":1,"minecraft:tall_grass":1,"minecraft:cobblestone":14,"regions_unexplored:daisy":1,"minecraft:prismarine":1,"minecraft:diorite":8,"minecraft:stone_stairs":1,"minecraft:birch_planks":53,"minecraft:birch_log":29,"minecraft:birch_leaves":3,"minecraft:grass":2,"minecraft:coal_ore":37,"minecraft:sand":4,"minecraft:dirt":5,"minecraft:stone_bricks":2,"minecraft:netherrack":1,"minecraft:deepslate":2}},"DataVersion":3465}