{"stats":{"minecraft:dropped":{"minecraft:knowledge_book":8,"minecraft:birch_sapling":4},"minecraft:used":{"minecraft:stone_axe":1,"minecraft:dirt":6,"minecraft:crafting_table":1,"minecraft:wooden_pickaxe":30},"minecraft:custom":{"minecraft:time_since_rest":14060,"minecraft:crouch_one_cm":2890,"minecraft:play_time":14060,"minecraft:sprint_one_cm":24159,"minecraft:damage_taken":10,"minecraft:walk_one_cm":12110,"minecraft:sneak_time":1069,"minecraft:drop":12,"minecraft:jump":137,"minecraft:damage_dealt":10,"minecraft:leave_game":2,"minecraft:time_since_death":14060,"minecraft:climb_one_cm":39,"minecraft:total_world_time":14060,"minecraft:interact_with_crafting_table":4,"minecraft:fall_one_cm":3439,"minecraft:fly_one_cm":27864},"minecraft:crafted":{"minecraft:furnace":3,"minecraft:birch_planks":28,"minecraft:stone_axe":1,"minecraft:crafting_table":1,"minecraft:stone_pickaxe":1,"minecraft:wooden_pickaxe":1},"minecraft:picked_up":{"minecraft:crafting_table":1,"minecraft:birch_log":7,"minecraft:stick":6,"minecraft:birch_sapling":4,"minecraft:dirt":6,"minecraft:cobblestone":30},"minecraft:mined":{"minecraft:grass":1,"minecraft:grass_block":1,"minecraft:dirt":5,"minecraft:birch_log":7,"minecraft:stone":30,"minecraft:crafting_table":1}},"DataVersion":3465}