{"stats":{"minecraft:dropped":{"minecraft:birch_sapling":4,"minecraft:knowledge_book":8,"minecraft:stone_pickaxe":1},"minecraft:used":{"minecraft:bread":3,"minecraft:stone_pickaxe":1,"minecraft:iron_pickaxe":46,"minecraft:iron_helmet":1,"minecraft:wooden_pickaxe":30,"minecraft:iron_chestplate":1,"minecraft:stone_axe":9,"minecraft:dirt":6,"minecraft:cobblestone":2,"minecraft:crafting_table":1},"minecraft:killed":{"minecraft:sheep":3,"minecraft:husk":1},"minecraft:custom":{"minecraft:time_since_rest":26060,"lootr:looted_stat":16,"minecraft:sprint_one_cm":59535,"minecraft:damage_taken":130,"minecraft:walk_one_cm":50139,"minecraft:mob_kills":4,"minecraft:drop":13,"minecraft:damage_dealt":460,"minecraft:interact_with_crafting_table":4,"minecraft:fly_one_cm":54532,"minecraft:open_barrel":2,"minecraft:open_chest":1,"minecraft:crouch_one_cm":5211,"minecraft:play_time":26060,"minecraft:sneak_time":1678,"minecraft:jump":370,"minecraft:leave_game":2,"minecraft:time_since_death":26060,"minecraft:interact_with_smoker":1,"minecraft:total_world_time":26060,"minecraft:climb_one_cm":3030,"minecraft:fall_one_cm":9440},"minecraft:crafted":{"minecraft:crafting_table":1,"minecraft:wooden_pickaxe":1,"minecraft:stone_pickaxe":1,"minecraft:furnace":3,"minecraft:birch_planks":28,"minecraft:stone_axe":1},"minecraft:picked_up":{"minecraft:birch_log":7,"minecraft:raw_iron":5,"minecraft:stick":6,"minecraft:crafting_table":1,"minecraft:smoker":1,"minecraft:dirt":6,"butchersdelight:deadsheep":3,"waystones:waystone":1,"minecraft:hay_block":15,"minecraft:bread":21,"minecraft:iron_pickaxe":1,"minecraft:birch_sapling":4,"minecraft:coal":36,"minecraft:white_wool":3,"minecraft:cobblestone":33},"minecraft:mined":{"minecraft:hay_block":15,"minecraft:iron_ore":5,"minecraft:birch_log":7,"minecraft:smoker":1,"minecraft:crafting_table":1,"minecraft:grass":1,"minecraft:grass_block":1,"minecraft:coal_ore":37,"minecraft:dirt":5,"minecraft:stone":33}},"DataVersion":3465}