{"stats":{"minecraft:dropped":{"farmersdelight:iron_knife":1,"minecraft:stone_axe":2,"minecraft:glass_bottle":1,"minecraft:birch_sapling":4,"minecraft:cobblestone":1,"minecraft:knowledge_book":9,"farmersdelight:straw":1,"minecraft:stone_stairs":1,"butchersdelightfoods:beeftenderloin":1,"minecraft:andesite":3,"minecraft:stone_bricks":1,"born_in_chaos_v1:black_argillite_brick_wall":1,"minecraft:stone_pickaxe":1,"minecraft:iron_pickaxe":2,"chococraft:gysahl_green":2,"butchersdelight:cow_hide":1},"minecraft:used":{"minecraft:birch_planks":11,"minecraft:stone_pickaxe":1,"minecraft:shield":1,"minecraft:wooden_pickaxe":30,"minecraft:iron_sword":2,"minecraft:iron_chestplate":1,"minecraft:dirt":6,"minecraft:crafting_table":5,"minecraft:tuff":1,"minecraft:bread":16,"minecraft:iron_pickaxe":71,"minecraft:iron_helmet":1,"minecraft:stone_axe":36,"minecraft:cobblestone":8,"minecraft:furnace":1,"minecraft:andesite":2,"minecraft:cobbled_deepslate":1},"minecraft:killed":{"minecraft:husk":1,"minecraft:spider":1,"minecraft:skeleton":3,"minecraft:sheep":3},"minecraft:custom":{"minecraft:interact_with_furnace":5,"lootr:looted_stat":24,"minecraft:mob_kills":9,"minecraft:interact_with_crafting_table":7,"minecraft:open_barrel":2,"minecraft:leave_game":2,"minecraft:time_since_death":50060,"minecraft:sleep_in_bed":1,"minecraft:climb_one_cm":4155,"minecraft:time_since_rest":13019,"minecraft:sprint_one_cm":133507,"minecraft:damage_taken":1367,"minecraft:walk_one_cm":102315,"minecraft:damage_blocked_by_shield":90,"minecraft:drop":32,"minecraft:damage_dealt":1431,"minecraft:swim_one_cm":4938,"minecraft:fly_one_cm":155395,"minecraft:open_chest":2,"minecraft:crouch_one_cm":6596,"minecraft:play_time":50060,"minecraft:sneak_time":2287,"minecraft:walk_under_water_one_cm":1337,"minecraft:jump":863,"minecraft:walk_on_water_one_cm":1751,"minecraft:total_world_time":50060,"minecraft:interact_with_smoker":1,"minecraft:fall_one_cm":29960},"minecraft:crafted":{"minecraft:crafting_table":2,"minecraft:wooden_pickaxe":1,"minecraft:furnace":3,"minecraft:birch_planks":76,"minecraft:stone_axe":1,"minecraft:air":0,"minecraft:shield":1,"minecraft:stick":4,"minecraft:iron_ingot":5,"minecraft:iron_pickaxe":1,"minecraft:stone_pickaxe":1,"minecraft:iron_shovel":1},"minecraft:picked_up":{"minecraft:birch_log":19,"minecraft:crafting_table":4,"butchersdelightfoods:beeftenderloin":1,"minecraft:andesite":5,"vinery:red_grape_seeds":3,"minecraft:smoker":1,"born_in_chaos_v1:black_argillite_brick_wall":1,"minecraft:knowledge_book":1,"minecraft:tuff":1,"minecraft:dirt":6,"minecraft:stone_stairs":1,"minecraft:bone":6,"chococraft:gysahl_green":2,"minecraft:stone_bricks":1,"minecraft:cobbled_deepslate":1,"farmersdelight:straw":1,"minecraft:iron_pickaxe":2,"minecraft:glass_bottle":1,"minecraft:birch_sapling":4,"minecraft:furnace":1,"minecraft:stick":6,"minecraft:raw_iron":5,"butchersdelight:cow_hide":1,"minecraft:arrow":5,"butchersdelight:deadsheep":4,"minecraft:stone_axe":2,"waystones:waystone":1,"minecraft:hay_block":31,"minecraft:saddle":1,"minecraft:bread":21,"minecraft:coal":71,"minecraft:white_wool":3,"minecraft:cobblestone":39},"minecraft:mined":{"minecraft:tuff":2,"minecraft:smoker":1,"minecraft:crafting_table":4,"butchersdelight:deadsheepblock":1,"minecraft:grass_block":1,"minecraft:cobblestone":3,"minecraft:spawner":3,"minecraft:stone_stairs":1,"minecraft:hay_block":31,"minecraft:furnace":1,"minecraft:birch_log":19,"minecraft:iron_ore":5,"minecraft:andesite":5,"minecraft:grass":2,"minecraft:coal_ore":37,"minecraft:dirt":5,"minecraft:stone_bricks":2,"minecraft:stone":38,"minecraft:deepslate":2}},"DataVersion":3465}