{"stats":{"minecraft:dropped":{"minecraft:wheat_seeds":1},"minecraft:mined":{"minecraft:grass":4,"vinery:red_grape_bush":4},"minecraft:picked_up":{"vinery:red_grape":8,"minecraft:wheat_seeds":2},"minecraft:custom":{"minecraft:jump":22,"minecraft:time_since_rest":7914,"minecraft:leave_game":1,"minecraft:crouch_one_cm":4,"minecraft:sprint_one_cm":1443,"minecraft:play_time":7914,"minecraft:time_since_death":7914,"minecraft:walk_one_cm":10484,"minecraft:sneak_time":70,"minecraft:total_world_time":7914,"minecraft:interact_with_crafting_table":2,"minecraft:drop":1,"minecraft:fall_one_cm":418,"minecraft:fly_one_cm":1531}},"DataVersion":3465}