{"stats":{"minecraft:dropped":{"minecraft:soul_sand":3,"minecraft:birch_planks":17,"minecraft:wheat_seeds":2,"minecraft:feather":2,"minecraft:cobblestone":15,"minecraft:knowledge_book":9,"chococraft:gysahl_green_seeds":4,"minecraft:leather_helmet":1,"regions_unexplored:maple_planks":44,"minecraft:stick":5,"ad_astra:sky_stone":9,"irons_spellbooks:scroll":2,"minecraft:torch":12,"minecraft:potion":2,"irons_spellbooks:arcane_essence":10,"minecraft:bone_meal":2,"minecraft:chipped_anvil":4,"minecraft:white_wool":5,"create:raw_zinc":4,"minecraft:bone":43,"minecraft:armor_stand":1,"vinery:red_grape_seeds":1,"minecraft:furnace":1,"minecraft:anvil":2,"minecraft:stone_axe":1,"minecraft:dark_oak_sign":1,"minecraft:birch_sapling":2,"minecraft:raw_iron":4,"irons_spellbooks:uncommon_ink":3,"born_in_chaos_v1:rotten_fish":4,"minecraft:rotten_flesh":6,"patchouli:guide_book":1,"minecraft:filled_map":1,"born_in_chaos_v1:spiny_shell":3,"born_in_chaos_v1:corpse_maggot":4,"minecraft:brown_bed":1,"vinery:red_grape":11,"minecraft:arrow":2,"minecraft:wooden_pickaxe":1,"minecraft:stone_pickaxe":1,"minecraft:magma_block":4,"chococraft:gysahl_green":13,"minecraft:netherrack":22,"minecraft:black_wool":3},"minecraft:mined":{"create:zinc_ore":4,"minecraft:spruce_planks":1,"regions_unexplored:maple_log":12,"minecraft:grass_block":2,"regions_unexplored:silver_birch_shrub":1,"minecraft:coal_block":2,"minecraft:spawner":3,"minecraft:raw_iron_block":8,"minecraft:magma_block":4,"minecraft:furnace":1,"minecraft:iron_ore":63,"minecraft:andesite":1,"minecraft:stripped_spruce_log":1,"minecraft:anvil":1,"minecraft:brown_bed":1,"chococraft:gysahl_green":6,"minecraft:bookshelf":7,"minecraft:lantern":1,"regions_unexplored:medium_grass":3,"minecraft:stone":29,"ad_astra:sky_stone":17,"minecraft:soul_sand":3,"minecraft:basalt":3,"minecraft:crafting_table":3,"vinery:red_grape_bush":4,"regions_unexplored:silt_dirt":1,"minecraft:cobblestone":8,"minecraft:birch_planks":2,"minecraft:birch_log":14,"minecraft:birch_leaves":1,"minecraft:black_bed":2,"minecraft:grass":5,"minecraft:coal_ore":29,"regions_unexplored:silver_birch_log":8,"minecraft:dirt":4,"minecraft:cobweb":13,"realmrpg_skeletons:unsaved_skeleton":1,"minecraft:netherrack":22,"minecraft:chipped_anvil":2},"minecraft:picked_up":{"irons_spellbooks:scroll":2,"minecraft:crafting_table":3,"vinery:red_grape":13,"minecraft:anvil":3,"minecraft:brown_bed":1,"minecraft:potion":1,"minecraft:knowledge_book":4,"ad_astra:sky_stone":14,"minecraft:string":16,"minecraft:armor_stand":1,"minecraft:item_frame":1,"irons_spellbooks:arcane_essence":10,"minecraft:spruce_planks":1,"minecraft:coal_block":1,"minecraft:birch_sapling":4,"minecraft:furnace":1,"minecraft:stick":18,"minecraft:raw_iron":96,"minecraft:torch":12,"minecraft:arrow":4,"butchersdelight:deadsheep":1,"minecraft:rotten_flesh":6,"born_in_chaos_v1:spiny_shell":6,"minecraft:white_wool":5,"minecraft:cobblestone":47,"minecraft:birch_log":14,"born_in_chaos_v1:corpse_maggot":4,"minecraft:magma_block":8,"minecraft:cooked_beef":8,"minecraft:clock":1,"minecraft:basalt":1,"minecraft:andesite":1,"minecraft:black_bed":2,"minecraft:birch_planks":19,"paraglider:spirit_orb":6,"create:raw_zinc":4,"minecraft:dirt":6,"minecraft:bone":48,"minecraft:chipped_anvil":4,"chococraft:gysahl_green":20,"minecraft:apple":1,"minecraft:wheat_seeds":2,"valhelsia_structures:metal_framed_glass_pane":2,"minecraft:iron_ingot":33,"minecraft:dark_oak_sign":1,"minecraft:soul_sand":3,"minecraft:book":21,"patchouli:guide_book":1,"minecraft:raw_iron_block":8,"chococraft:gysahl_green_seeds":4,"minecraft:spider_eye":1,"regions_unexplored:silver_birch_log":8,"minecraft:bone_meal":2,"regions_unexplored:maple_log":12,"born_in_chaos_v1:rotten_fish":4,"minecraft:netherrack":22,"minecraft:black_wool":3,"minecraft:coal":51},"minecraft:killed":{"born_in_chaos_v1:door_knight_not_despawn":1,"minecraft:spider":3,"born_in_chaos_v1:thornshell_crab":1,"born_in_chaos_v1:maggot":2,"minecraft:skeleton":1,"born_in_chaos_v1:corpse_fish":4,"born_in_chaos_v1:decrepit_skeleton":2,"minecraft:sheep":1,"whatareyouvotingfor:penguin":1},"minecraft:custom":{"lootr:looted_stat":32,"minecraft:mob_kills":16,"minecraft:interact_with_crafting_table":15,"minecraft:open_barrel":13,"minecraft:damage_dealt_resisted":1038,"minecraft:leave_game":2,"minecraft:time_since_death":64400,"minecraft:climb_one_cm":2858,"minecraft:sprint_one_cm":91907,"minecraft:walk_one_cm":148217,"minecraft:drop":85,"minecraft:talked_to_villager":7,"minecraft:play_time":64400,"minecraft:sneak_time":5326,"minecraft:walk_under_water_one_cm":1989,"minecraft:jump":1009,"minecraft:interact_with_blast_furnace":1,"minecraft:walk_on_water_one_cm":2466,"minecraft:total_world_time":64400,"minecraft:interact_with_furnace":3,"minecraft:interact_with_loom":1,"minecraft:interact_with_grindstone":1,"minecraft:interact_with_stonecutter":1,"minecraft:sleep_in_bed":2,"minecraft:time_since_rest":6246,"minecraft:damage_taken":347,"minecraft:damage_dealt":2771,"minecraft:swim_one_cm":8026,"minecraft:fly_one_cm":179395,"minecraft:open_chest":4,"minecraft:crouch_one_cm":21940,"minecraft:interact_with_smoker":2,"minecraft:fall_one_cm":31882},"minecraft:used":{"minecraft:iron_sword":65,"minecraft:torch":4,"valhelsia_structures:metal_framed_glass_pane":2,"minecraft:dirt":6,"minecraft:iron_axe":25,"minecraft:item_frame":1,"minecraft:furnace":1,"minecraft:cooked_beef":6,"vinery:red_grape":2,"minecraft:leather_leggings":1,"minecraft:birch_planks":31,"minecraft:stone_pickaxe":66,"minecraft:wooden_pickaxe":7,"minecraft:crafting_table":7,"minecraft:black_bed":2,"minecraft:iron_pickaxe":126,"minecraft:map":1,"minecraft:leather_helmet":1,"minecraft:stone_axe":26,"minecraft:cobblestone":5,"chococraft:gysahl_green":1,"minecraft:cobweb":8,"minecraft:chainmail_leggings":2},"minecraft:crafted":{"quark:birch_chest":1,"regions_unexplored:maple_planks":44,"minecraft:furnace":1,"minecraft:iron_axe":1,"minecraft:stone_pickaxe":1,"minecraft:crafting_table":4,"minecraft:wooden_pickaxe":1,"minecraft:birch_planks":88,"minecraft:stone_axe":1,"minecraft:stick":8,"minecraft:iron_pickaxe":1,"minecraft:black_bed":1,"minecraft:torch":8}},"DataVersion":3465}