{"stats":{"minecraft:mined":{"minecraft:spruce_planks":1,"minecraft:crafting_table":2,"vinery:red_grape_bush":4,"minecraft:grass_block":2,"minecraft:birch_planks":2,"minecraft:magma_block":4,"minecraft:birch_log":14,"minecraft:iron_ore":4,"minecraft:birch_leaves":1,"minecraft:anvil":1,"minecraft:brown_bed":1,"minecraft:grass":4,"minecraft:bookshelf":7,"minecraft:coal_ore":18,"minecraft:lantern":1,"minecraft:dirt":4,"minecraft:stone":21,"minecraft:netherrack":22,"minecraft:chipped_anvil":2},"minecraft:dropped":{"minecraft:anvil":1,"minecraft:birch_planks":12,"minecraft:wheat_seeds":2,"minecraft:dark_oak_sign":1,"minecraft:birch_sapling":2,"minecraft:raw_iron":4,"minecraft:knowledge_book":8,"patchouli:guide_book":1,"minecraft:filled_map":1,"minecraft:potion":1,"minecraft:brown_bed":1,"vinery:red_grape":1,"minecraft:arrow":2,"minecraft:wooden_pickaxe":1,"minecraft:chipped_anvil":4,"minecraft:magma_block":4,"minecraft:netherrack":22,"minecraft:bone":2,"minecraft:armor_stand":1,"vinery:red_grape_seeds":1},"minecraft:picked_up":{"minecraft:birch_log":14,"minecraft:magma_block":8,"vinery:red_grape":8,"minecraft:crafting_table":2,"minecraft:clock":1,"minecraft:cooked_beef":8,"minecraft:anvil":2,"minecraft:brown_bed":1,"minecraft:birch_planks":14,"minecraft:potion":1,"minecraft:knowledge_book":4,"minecraft:dirt":6,"minecraft:item_frame":1,"minecraft:armor_stand":1,"minecraft:bone":2,"minecraft:chipped_anvil":4,"chococraft:gysahl_green":2,"minecraft:wheat_seeds":2,"valhelsia_structures:metal_framed_glass_pane":2,"minecraft:spruce_planks":1,"minecraft:dark_oak_sign":1,"minecraft:birch_sapling":4,"minecraft:book":21,"minecraft:raw_iron":8,"minecraft:stick":4,"patchouli:guide_book":1,"minecraft:arrow":4,"minecraft:netherrack":22,"minecraft:coal":18,"minecraft:cobblestone":19},"minecraft:killed":{"minecraft:skeleton":1},"minecraft:custom":{"minecraft:interact_with_furnace":2,"lootr:looted_stat":15,"minecraft:mob_kills":1,"minecraft:interact_with_crafting_table":5,"minecraft:open_barrel":2,"minecraft:leave_game":1,"minecraft:time_since_death":34786,"minecraft:climb_one_cm":2277,"minecraft:time_since_rest":34786,"minecraft:sprint_one_cm":30733,"minecraft:damage_taken":110,"minecraft:walk_one_cm":60536,"minecraft:drop":31,"minecraft:damage_dealt":110,"minecraft:talked_to_villager":7,"minecraft:fly_one_cm":39953,"minecraft:open_chest":4,"minecraft:crouch_one_cm":10975,"minecraft:play_time":34786,"minecraft:sneak_time":2537,"minecraft:jump":352,"minecraft:interact_with_blast_furnace":1,"minecraft:walk_on_water_one_cm":1105,"minecraft:interact_with_smoker":1,"minecraft:total_world_time":34786,"minecraft:fall_one_cm":9526},"minecraft:used":{"minecraft:leather_leggings":1,"minecraft:birch_planks":31,"minecraft:stone_pickaxe":66,"minecraft:wooden_pickaxe":7,"minecraft:torch":1,"minecraft:dirt":6,"valhelsia_structures:metal_framed_glass_pane":2,"minecraft:crafting_table":3,"minecraft:map":1,"minecraft:leather_helmet":1,"minecraft:item_frame":1,"minecraft:stone_axe":23,"minecraft:cooked_beef":1,"vinery:red_grape":2,"minecraft:chainmail_leggings":2},"minecraft:crafted":{"minecraft:crafting_table":2,"minecraft:wooden_pickaxe":1,"minecraft:birch_planks":56,"minecraft:stone_axe":1,"minecraft:stick":8,"minecraft:stone_pickaxe":1,"minecraft:torch":8}},"DataVersion":3465}