{"stats":{"minecraft:dropped":{"minecraft:anvil":1,"minecraft:stone_axe":1,"minecraft:soul_sand":3,"minecraft:birch_planks":13,"minecraft:wheat_seeds":2,"minecraft:dark_oak_sign":1,"minecraft:birch_sapling":2,"minecraft:raw_iron":4,"minecraft:rotten_flesh":2,"minecraft:feather":2,"minecraft:cobblestone":15,"minecraft:knowledge_book":8,"minecraft:leather_helmet":1,"patchouli:guide_book":1,"minecraft:stick":5,"irons_spellbooks:scroll":2,"minecraft:filled_map":1,"ad_astra:sky_stone":9,"minecraft:torch":8,"born_in_chaos_v1:corpse_maggot":2,"irons_spellbooks:arcane_essence":10,"minecraft:potion":1,"minecraft:brown_bed":1,"minecraft:bone_meal":2,"vinery:red_grape":6,"minecraft:arrow":2,"minecraft:stone_pickaxe":1,"minecraft:wooden_pickaxe":1,"minecraft:chipped_anvil":4,"minecraft:magma_block":4,"minecraft:white_wool":5,"minecraft:netherrack":22,"create:raw_zinc":4,"minecraft:black_wool":3,"minecraft:bone":43,"minecraft:armor_stand":1,"vinery:red_grape_seeds":1},"minecraft:mined":{"create:zinc_ore":4,"minecraft:spruce_planks":1,"minecraft:soul_sand":3,"regions_unexplored:maple_log":12,"minecraft:basalt":3,"minecraft:crafting_table":2,"regions_unexplored:silt_dirt":1,"vinery:red_grape_bush":4,"minecraft:grass_block":2,"regions_unexplored:silver_birch_shrub":1,"minecraft:coal_block":2,"minecraft:spawner":1,"minecraft:birch_planks":2,"minecraft:magma_block":4,"minecraft:birch_log":14,"minecraft:iron_ore":60,"minecraft:andesite":1,"minecraft:birch_leaves":1,"minecraft:stripped_spruce_log":1,"minecraft:anvil":1,"minecraft:brown_bed":1,"minecraft:grass":5,"minecraft:bookshelf":7,"minecraft:coal_ore":29,"minecraft:lantern":1,"minecraft:dirt":4,"ad_astra:sky_stone":17,"minecraft:stone":29,"minecraft:netherrack":22,"minecraft:chipped_anvil":2},"minecraft:picked_up":{"irons_spellbooks:scroll":2,"minecraft:birch_log":14,"born_in_chaos_v1:corpse_maggot":4,"minecraft:basalt":1,"minecraft:magma_block":8,"vinery:red_grape":13,"minecraft:crafting_table":2,"minecraft:clock":1,"minecraft:cooked_beef":8,"minecraft:anvil":2,"minecraft:andesite":1,"minecraft:brown_bed":1,"minecraft:birch_planks":15,"minecraft:potion":1,"paraglider:spirit_orb":2,"minecraft:knowledge_book":4,"create:raw_zinc":4,"ad_astra:sky_stone":14,"minecraft:dirt":6,"minecraft:item_frame":1,"minecraft:armor_stand":1,"minecraft:apple":1,"minecraft:bone":43,"minecraft:chipped_anvil":4,"chococraft:gysahl_green":2,"irons_spellbooks:arcane_essence":10,"minecraft:wheat_seeds":2,"valhelsia_structures:metal_framed_glass_pane":2,"minecraft:spruce_planks":1,"minecraft:dark_oak_sign":1,"minecraft:coal_block":1,"minecraft:birch_sapling":4,"minecraft:soul_sand":3,"minecraft:book":21,"minecraft:raw_iron":64,"minecraft:stick":18,"patchouli:guide_book":1,"minecraft:torch":8,"minecraft:rotten_flesh":2,"minecraft:arrow":4,"butchersdelight:deadsheep":1,"regions_unexplored:maple_log":12,"minecraft:bone_meal":2,"minecraft:black_wool":3,"minecraft:white_wool":5,"born_in_chaos_v1:rotten_fish":2,"minecraft:netherrack":22,"minecraft:coal":27,"minecraft:cobblestone":39},"minecraft:killed":{"born_in_chaos_v1:door_knight_not_despawn":1,"born_in_chaos_v1:maggot":2,"minecraft:sheep":1,"minecraft:skeleton":1,"born_in_chaos_v1:corpse_fish":4},"minecraft:custom":{"minecraft:interact_with_furnace":3,"lootr:looted_stat":28,"minecraft:mob_kills":9,"minecraft:interact_with_crafting_table":13,"minecraft:open_barrel":10,"minecraft:interact_with_loom":1,"minecraft:damage_dealt_resisted":1038,"minecraft:interact_with_grindstone":1,"minecraft:interact_with_stonecutter":1,"minecraft:leave_game":1,"minecraft:time_since_death":52786,"minecraft:climb_one_cm":2858,"minecraft:time_since_rest":52786,"minecraft:sprint_one_cm":69549,"minecraft:damage_taken":157,"minecraft:walk_one_cm":108815,"minecraft:drop":57,"minecraft:damage_dealt":1088,"minecraft:swim_one_cm":8026,"minecraft:talked_to_villager":7,"minecraft:fly_one_cm":120287,"minecraft:open_chest":4,"minecraft:crouch_one_cm":20002,"minecraft:play_time":52786,"minecraft:sneak_time":4846,"minecraft:walk_under_water_one_cm":1989,"minecraft:jump":750,"minecraft:interact_with_blast_furnace":1,"minecraft:walk_on_water_one_cm":2466,"minecraft:interact_with_smoker":2,"minecraft:total_world_time":52786,"minecraft:fall_one_cm":18596},"minecraft:used":{"minecraft:leather_leggings":1,"minecraft:birch_planks":31,"minecraft:stone_pickaxe":66,"minecraft:wooden_pickaxe":7,"minecraft:iron_sword":27,"minecraft:torch":4,"minecraft:dirt":6,"valhelsia_structures:metal_framed_glass_pane":2,"minecraft:crafting_table":6,"minecraft:black_bed":1,"minecraft:iron_axe":14,"minecraft:iron_pickaxe":104,"minecraft:map":1,"minecraft:leather_helmet":1,"minecraft:item_frame":1,"minecraft:stone_axe":26,"minecraft:cobblestone":3,"minecraft:furnace":1,"minecraft:cooked_beef":3,"vinery:red_grape":2,"minecraft:chainmail_leggings":2},"minecraft:crafted":{"minecraft:crafting_table":4,"regions_unexplored:maple_planks":44,"minecraft:wooden_pickaxe":1,"minecraft:furnace":1,"minecraft:birch_planks":56,"minecraft:stone_axe":1,"minecraft:iron_axe":1,"minecraft:stick":8,"minecraft:iron_pickaxe":1,"minecraft:stone_pickaxe":1,"minecraft:black_bed":1,"minecraft:torch":8}},"DataVersion":3465}