{"stats":{"minecraft:dropped":{"minecraft:anvil":1,"minecraft:stone_axe":1,"minecraft:birch_planks":12,"minecraft:wheat_seeds":2,"minecraft:dark_oak_sign":1,"minecraft:birch_sapling":2,"minecraft:raw_iron":4,"minecraft:feather":2,"minecraft:knowledge_book":8,"minecraft:leather_helmet":1,"patchouli:guide_book":1,"minecraft:filled_map":1,"ad_astra:sky_stone":9,"minecraft:potion":1,"minecraft:brown_bed":1,"vinery:red_grape":1,"minecraft:arrow":2,"minecraft:stone_pickaxe":1,"minecraft:wooden_pickaxe":1,"minecraft:chipped_anvil":4,"minecraft:magma_block":4,"minecraft:netherrack":22,"create:raw_zinc":4,"minecraft:bone":2,"minecraft:armor_stand":1,"vinery:red_grape_seeds":1},"minecraft:mined":{"create:zinc_ore":4,"minecraft:spruce_planks":1,"minecraft:soul_sand":3,"minecraft:basalt":3,"minecraft:crafting_table":2,"vinery:red_grape_bush":4,"minecraft:grass_block":2,"minecraft:coal_block":2,"minecraft:birch_planks":2,"minecraft:magma_block":4,"minecraft:birch_log":14,"minecraft:iron_ore":60,"minecraft:andesite":1,"minecraft:birch_leaves":1,"minecraft:anvil":1,"minecraft:brown_bed":1,"minecraft:grass":5,"minecraft:bookshelf":7,"minecraft:coal_ore":29,"minecraft:lantern":1,"minecraft:dirt":4,"ad_astra:sky_stone":17,"minecraft:stone":29,"minecraft:netherrack":22,"minecraft:chipped_anvil":2},"minecraft:picked_up":{"minecraft:birch_log":14,"minecraft:basalt":1,"minecraft:magma_block":8,"vinery:red_grape":8,"minecraft:crafting_table":2,"minecraft:clock":1,"minecraft:cooked_beef":8,"minecraft:anvil":2,"minecraft:andesite":1,"minecraft:brown_bed":1,"minecraft:birch_planks":14,"minecraft:potion":1,"minecraft:knowledge_book":4,"create:raw_zinc":4,"ad_astra:sky_stone":14,"minecraft:dirt":6,"minecraft:item_frame":1,"minecraft:armor_stand":1,"minecraft:bone":2,"minecraft:chipped_anvil":4,"chococraft:gysahl_green":2,"minecraft:wheat_seeds":2,"valhelsia_structures:metal_framed_glass_pane":2,"minecraft:spruce_planks":1,"minecraft:dark_oak_sign":1,"minecraft:coal_block":1,"minecraft:birch_sapling":4,"minecraft:soul_sand":3,"minecraft:book":21,"minecraft:raw_iron":64,"minecraft:stick":4,"patchouli:guide_book":1,"minecraft:arrow":4,"minecraft:bone_meal":2,"born_in_chaos_v1:rotten_fish":2,"minecraft:netherrack":22,"minecraft:coal":27,"minecraft:cobblestone":24},"minecraft:killed":{"minecraft:skeleton":1,"born_in_chaos_v1:corpse_fish":4},"minecraft:custom":{"minecraft:interact_with_furnace":2,"lootr:looted_stat":26,"minecraft:mob_kills":5,"minecraft:interact_with_crafting_table":7,"minecraft:open_barrel":3,"minecraft:interact_with_loom":1,"minecraft:interact_with_grindstone":1,"minecraft:interact_with_stonecutter":1,"minecraft:leave_game":1,"minecraft:time_since_death":46786,"minecraft:climb_one_cm":2858,"minecraft:time_since_rest":46786,"minecraft:sprint_one_cm":63994,"minecraft:damage_taken":150,"minecraft:walk_one_cm":95374,"minecraft:drop":37,"minecraft:damage_dealt":590,"minecraft:swim_one_cm":8026,"minecraft:talked_to_villager":7,"minecraft:fly_one_cm":114696,"minecraft:open_chest":4,"minecraft:crouch_one_cm":17386,"minecraft:play_time":46786,"minecraft:sneak_time":3966,"minecraft:walk_under_water_one_cm":1989,"minecraft:jump":708,"minecraft:interact_with_blast_furnace":1,"minecraft:walk_on_water_one_cm":2466,"minecraft:interact_with_smoker":2,"minecraft:total_world_time":46786,"minecraft:fall_one_cm":18118},"minecraft:used":{"minecraft:leather_leggings":1,"minecraft:birch_planks":31,"minecraft:stone_pickaxe":66,"minecraft:wooden_pickaxe":7,"minecraft:iron_sword":5,"minecraft:torch":4,"minecraft:dirt":6,"valhelsia_structures:metal_framed_glass_pane":2,"minecraft:crafting_table":5,"minecraft:iron_pickaxe":103,"minecraft:map":1,"minecraft:leather_helmet":1,"minecraft:item_frame":1,"minecraft:stone_axe":26,"minecraft:cooked_beef":3,"vinery:red_grape":2,"minecraft:chainmail_leggings":2},"minecraft:crafted":{"minecraft:crafting_table":3,"minecraft:wooden_pickaxe":1,"minecraft:birch_planks":56,"minecraft:stone_axe":1,"minecraft:stick":8,"minecraft:iron_pickaxe":1,"minecraft:stone_pickaxe":1,"minecraft:torch":8}},"DataVersion":3465}