{"stats":{"minecraft:dropped":{"minecraft:wheat_seeds":2,"minecraft:dark_oak_sign":1,"minecraft:knowledge_book":4,"minecraft:wooden_pickaxe":1,"minecraft:armor_stand":1,"vinery:red_grape_seeds":1},"minecraft:mined":{"minecraft:birch_planks":2,"minecraft:birch_log":14,"minecraft:iron_ore":4,"minecraft:birch_leaves":1,"minecraft:brown_bed":1,"minecraft:anvil":1,"minecraft:crafting_table":2,"minecraft:grass":4,"vinery:red_grape_bush":4,"minecraft:grass_block":2,"minecraft:coal_ore":18,"minecraft:dirt":4,"minecraft:stone":21,"minecraft:chipped_anvil":2},"minecraft:picked_up":{"minecraft:birch_log":14,"minecraft:stick":4,"minecraft:crafting_table":2,"minecraft:raw_iron":4,"vinery:red_grape":8,"minecraft:cooked_beef":8,"minecraft:anvil":1,"minecraft:brown_bed":1,"minecraft:birch_planks":2,"minecraft:potion":1,"minecraft:dirt":6,"minecraft:armor_stand":1,"minecraft:bone":2,"minecraft:arrow":2,"minecraft:chipped_anvil":2,"minecraft:wheat_seeds":2,"valhelsia_structures:metal_framed_glass_pane":2,"minecraft:dark_oak_sign":1,"minecraft:birch_sapling":2,"minecraft:coal":18,"minecraft:cobblestone":19},"minecraft:killed":{"minecraft:skeleton":1},"minecraft:custom":{"lootr:looted_stat":2,"minecraft:time_since_rest":22786,"minecraft:interact_with_furnace":2,"minecraft:sprint_one_cm":16803,"minecraft:damage_taken":80,"minecraft:walk_one_cm":35487,"minecraft:mob_kills":1,"minecraft:drop":10,"minecraft:damage_dealt":110,"minecraft:talked_to_villager":5,"minecraft:interact_with_crafting_table":5,"minecraft:fly_one_cm":20683,"minecraft:open_barrel":2,"minecraft:crouch_one_cm":8573,"minecraft:play_time":22786,"minecraft:sneak_time":1932,"minecraft:jump":192,"minecraft:interact_with_blast_furnace":1,"minecraft:leave_game":1,"minecraft:time_since_death":22786,"minecraft:climb_one_cm":993,"minecraft:total_world_time":22786,"minecraft:fall_one_cm":4335},"minecraft:used":{"minecraft:leather_leggings":1,"minecraft:birch_planks":31,"minecraft:stone_pickaxe":39,"minecraft:wooden_pickaxe":7,"minecraft:torch":1,"minecraft:stone_axe":15,"valhelsia_structures:metal_framed_glass_pane":2,"minecraft:dirt":6,"minecraft:crafting_table":3,"minecraft:cooked_beef":1,"vinery:red_grape":2,"minecraft:chainmail_leggings":2},"minecraft:crafted":{"minecraft:crafting_table":2,"minecraft:stick":8,"minecraft:wooden_pickaxe":1,"minecraft:stone_pickaxe":1,"minecraft:torch":8,"minecraft:birch_planks":56,"minecraft:stone_axe":1}},"DataVersion":3465}