{"stats":{"minecraft:dropped":{"minecraft:knowledge_book":4,"minecraft:wheat_seeds":2},"minecraft:mined":{"minecraft:grass":4,"vinery:red_grape_bush":4,"minecraft:birch_log":5,"minecraft:birch_leaves":1},"minecraft:picked_up":{"minecraft:birch_log":5,"vinery:red_grape":8,"minecraft:cooked_beef":8,"minecraft:wheat_seeds":2},"minecraft:custom":{"minecraft:time_since_rest":10786,"minecraft:play_time":10786,"minecraft:crouch_one_cm":357,"minecraft:sprint_one_cm":1591,"minecraft:walk_one_cm":11324,"minecraft:sneak_time":147,"minecraft:drop":6,"minecraft:jump":25,"minecraft:leave_game":1,"minecraft:time_since_death":10786,"minecraft:total_world_time":10786,"minecraft:interact_with_crafting_table":2,"minecraft:fall_one_cm":418,"minecraft:fly_one_cm":1567},"minecraft:crafted":{"minecraft:birch_planks":20,"minecraft:crafting_table":1,"minecraft:stick":4}},"DataVersion":3465}