{"stats":{"minecraft:used":{"minecraft:knowledge_book":10},"minecraft:custom":{"minecraft:jump":78,"minecraft:time_since_rest":6468,"minecraft:crouch_one_cm":7,"minecraft:deaths":1,"minecraft:sprint_one_cm":14537,"minecraft:leave_game":1,"minecraft:play_time":12271,"minecraft:damage_taken":250,"minecraft:time_since_death":6447,"minecraft:walk_one_cm":13233,"minecraft:sneak_time":25,"minecraft:climb_one_cm":140,"minecraft:total_world_time":12271,"minecraft:fall_one_cm":5565,"minecraft:fly_one_cm":17473},"minecraft:crafted":{"minecraft:birch_planks":72},"minecraft:picked_up":{"minecraft:stick":2,"minecraft:birch_sapling":2,"minecraft:birch_log":18},"minecraft:mined":{"minecraft:grass":1,"minecraft:birch_leaves":3,"minecraft:birch_log":18}},"DataVersion":3465}