{"stats":{"minecraft:used":{"minecraft:knowledge_book":10},"minecraft:custom":{"minecraft:jump":21,"minecraft:time_since_rest":468,"minecraft:crouch_one_cm":7,"minecraft:deaths":1,"minecraft:sprint_one_cm":2776,"minecraft:leave_game":1,"minecraft:play_time":6271,"minecraft:damage_taken":240,"minecraft:time_since_death":447,"minecraft:walk_one_cm":5293,"minecraft:sneak_time":25,"minecraft:climb_one_cm":140,"minecraft:total_world_time":6271,"minecraft:fall_one_cm":3347,"minecraft:fly_one_cm":3402}},"DataVersion":3465}