{"stats":{"minecraft:custom":{"minecraft:time_since_rest":12269,"minecraft:crouch_one_cm":704,"minecraft:play_time":18072,"minecraft:sprint_one_cm":50946,"minecraft:walk_one_cm":32326,"minecraft:damage_taken":330,"minecraft:deaths":1,"minecraft:sneak_time":187,"minecraft:walk_under_water_one_cm":454,"minecraft:jump":237,"minecraft:leave_game":2,"minecraft:walk_on_water_one_cm":2069,"minecraft:time_since_death":12248,"minecraft:total_world_time":18072,"minecraft:climb_one_cm":140,"minecraft:fall_one_cm":11907,"minecraft:fly_one_cm":47758},"minecraft:used":{"minecraft:knowledge_book":10,"minecraft:stick":1,"minecraft:moss_carpet":1,"quark:hollow_oak_log":1,"minecraft:sweet_berries":3,"minecraft:oak_sapling":1,"minecraft:birch_sapling":2},"minecraft:crafted":{"minecraft:birch_planks":88},"minecraft:picked_up":{"minecraft:birch_log":22,"minecraft:stick":3,"minecraft:bone":2,"minecraft:sweet_berries":2,"minecraft:apple":2,"gnumus:gnumus_claw":1,"gnumus:gnumus_clay":5,"quark:hollow_oak_log":1,"gnumus:gnumus_pouch":1,"minecraft:oak_sapling":1,"minecraft:birch_sapling":2,"minecraft:birch_fence":1,"minecraft:raw_iron":1,"minecraft:moss_carpet":1},"minecraft:mined":{"supplementaries:stick":1,"minecraft:grass":1,"quark:hollow_oak_log":1,"minecraft:birch_log":22,"gnumus:fragile_gnumus_jug":2,"minecraft:birch_leaves":3,"minecraft:oak_leaves":13,"minecraft:birch_fence":1}},"DataVersion":3465}