{"stats":{"minecraft:dropped":{"minecraft:moss_carpet":2,"minecraft:birch_planks":2,"minecraft:birch_sapling":1,"minecraft:lantern":2,"vinery:white_grape_seeds":2,"minecraft:wooden_axe":1,"minecraft:oak_sapling":2,"minecraft:wooden_sword":2,"minecraft:iron_bars":2},"minecraft:killed":{"naturalist:butterfly":1,"born_in_chaos_v1:decrepit_skeleton":1,"minecraft:skeleton_horse":1},"minecraft:used":{"minecraft:birch_planks":7,"minecraft:stone_pickaxe":100,"quark:hollow_birch_log":1,"minecraft:wooden_pickaxe":3,"paraglider:goddess_statue":1,"minecraft:crafting_table":3,"minecraft:wooden_axe":34,"minecraft:bread":2,"minecraft:wooden_sword":12,"chococraft:gysahl_green":1,"vinery:white_grape_seeds":2},"minecraft:custom":{"lootr:looted_stat":26,"minecraft:mob_kills":3,"minecraft:interact_with_crafting_table":3,"minecraft:open_barrel":4,"minecraft:interact_with_loom":1,"minecraft:interact_with_stonecutter":1,"minecraft:time_since_death":19357,"minecraft:climb_one_cm":2082,"minecraft:time_since_rest":19383,"minecraft:sprint_one_cm":71229,"minecraft:damage_taken":265,"minecraft:walk_one_cm":73277,"minecraft:drop":13,"minecraft:damage_dealt":478,"minecraft:talked_to_villager":2,"minecraft:swim_one_cm":3231,"minecraft:fly_one_cm":74313,"minecraft:open_chest":1,"minecraft:crouch_one_cm":19314,"minecraft:play_time":24891,"minecraft:deaths":1,"minecraft:sneak_time":4421,"minecraft:walk_under_water_one_cm":1717,"minecraft:interact_with_lectern":1,"minecraft:jump":388,"minecraft:walk_on_water_one_cm":2616,"minecraft:total_world_time":24891,"minecraft:interact_with_smoker":4,"minecraft:fall_one_cm":9533},"minecraft:crafted":{"minecraft:wooden_sword":1,"minecraft:oak_planks":44,"minecraft:wooden_pickaxe":1,"minecraft:birch_planks":20,"minecraft:stick":8,"minecraft:stone_pickaxe":1,"minecraft:wooden_axe":1},"minecraft:picked_up":{"minecraft:wooden_axe":1,"minecraft:birch_log":5,"gnumus:gnumus_doubloons":17,"chococraft:loverly_gysahl_green":2,"minecraft:crafting_table":4,"minecraft:anvil":1,"minecraft:birch_planks":2,"paraglider:spirit_orb":6,"minecraft:tuff":1,"minecraft:oak_log":11,"paraglider:goddess_statue":2,"minecraft:lantern":2,"minecraft:soul_soil":1,"minecraft:moss_carpet":2,"minecraft:wooden_sword":1,"minecraft:bone":33,"chococraft:gysahl_green":37,"minecraft:stone_bricks":1,"minecraft:bow":1,"minecraft:cobblestone_slab":1,"minecraft:birch_sapling":1,"minecraft:book":45,"minecraft:raw_iron":20,"minecraft:spruce_fence":3,"chococraft:gysahl_green_seeds":13,"minecraft:arrow":7,"vinery:white_grape_seeds":15,"quark:hollow_birch_log":1,"minecraft:lodestone":1,"minecraft:oak_sapling":4,"minecraft:iron_bars":2,"minecraft:coal":58,"minecraft:cobblestone":32},"minecraft:killed_by":{"minecraft:skeleton":1},"minecraft:mined":{"minecraft:tuff":1,"minecraft:stone_brick_slab":1,"minecraft:crafting_table":4,"minecraft:spruce_fence":2,"minecraft:soul_soil":1,"vinery:white_grape_bush":9,"minecraft:spawner":2,"quark:hollow_birch_log":1,"minecraft:birch_log":5,"minecraft:iron_ore":20,"minecraft:birch_trapdoor":1,"minecraft:birch_leaves":1,"minecraft:moss_carpet":1,"minecraft:anvil":1,"minecraft:grass":2,"minecraft:bookshelf":15,"chococraft:gysahl_green":13,"minecraft:oak_log":11,"minecraft:coal_ore":58,"minecraft:cobblestone_slab":1,"minecraft:iron_bars":2,"minecraft:lodestone":1,"realmrpg_skeletons:arrow_skeleton":1,"minecraft:stone":12,"minecraft:stone_bricks":1,"minecraft:oak_leaves":4,"paraglider:goddess_statue":2}},"DataVersion":3465}