{"stats":{"minecraft:dropped":{"minecraft:gravel":2,"minecraft:moss_carpet":2,"minecraft:birch_planks":2,"minecraft:crafting_table":1,"minecraft:birch_sapling":1,"born_in_chaos_v1:ethereal_spirit":1,"paraglider:goddess_statue":1,"minecraft:knowledge_book":3,"minecraft:lantern":2,"vinery:white_grape_seeds":2,"minecraft:spruce_door":1,"gnumus:gnumus_claw":2,"minecraft:wooden_axe":1,"minecraft:oak_sapling":2,"minecraft:wooden_sword":2,"minecraft:iron_bars":2,"minecraft:raw_gold":2},"minecraft:used":{"minecraft:iron_shovel":8,"minecraft:birch_planks":7,"minecraft:stone_pickaxe":103,"quark:hollow_birch_log":1,"minecraft:wooden_pickaxe":3,"paraglider:goddess_statue":1,"minecraft:crafting_table":5,"minecraft:wooden_axe":34,"minecraft:bread":3,"minecraft:iron_pickaxe":8,"minecraft:gravel":7,"minecraft:diamond_sword":14,"minecraft:wooden_sword":12,"minecraft:cobblestone":4,"minecraft:furnace":3,"chococraft:gysahl_green":1,"vinery:white_grape_seeds":2},"minecraft:custom":{"minecraft:interact_with_furnace":11,"lootr:looted_stat":48,"minecraft:mob_kills":6,"minecraft:interact_with_crafting_table":6,"minecraft:open_barrel":18,"minecraft:interact_with_loom":2,"minecraft:eat_cake_slice":2,"minecraft:interact_with_stonecutter":1,"minecraft:leave_game":1,"minecraft:time_since_death":27551,"minecraft:sleep_in_bed":1,"minecraft:climb_one_cm":7629,"minecraft:time_since_rest":2977,"minecraft:waystone_activated":1,"minecraft:sprint_one_cm":92261,"minecraft:damage_taken":322,"minecraft:walk_one_cm":117621,"minecraft:drop":23,"minecraft:damage_dealt":1064,"minecraft:talked_to_villager":2,"minecraft:swim_one_cm":3231,"minecraft:fly_one_cm":93420,"minecraft:open_chest":3,"minecraft:crouch_one_cm":22294,"minecraft:play_time":33085,"minecraft:deaths":1,"minecraft:sneak_time":4803,"minecraft:walk_under_water_one_cm":1717,"minecraft:interact_with_lectern":1,"minecraft:jump":493,"minecraft:walk_on_water_one_cm":2616,"minecraft:total_world_time":33085,"minecraft:interact_with_smoker":4,"minecraft:fall_one_cm":11163},"minecraft:killed":{"gnumus:gnumus_hunter_not_dispawn":3,"naturalist:butterfly":1,"born_in_chaos_v1:decrepit_skeleton":1,"minecraft:skeleton_horse":1},"minecraft:crafted":{"minecraft:wooden_sword":1,"minecraft:oak_planks":44,"minecraft:crafting_table":1,"minecraft:wooden_pickaxe":1,"minecraft:furnace":3,"minecraft:birch_planks":20,"minecraft:air":0,"minecraft:stick":8,"minecraft:iron_ingot":12,"minecraft:stone_pickaxe":1,"minecraft:wooden_axe":1},"minecraft:picked_up":{"minecraft:wooden_axe":1,"minecraft:birch_log":5,"gnumus:gnumus_doubloons":23,"chococraft:loverly_gysahl_green":2,"minecraft:crafting_table":5,"minecraft:anvil":1,"gnumus:gnumus_claw":2,"minecraft:birch_planks":2,"paraglider:spirit_orb":6,"minecraft:knowledge_book":2,"minecraft:tuff":1,"minecraft:oak_log":11,"paraglider:goddess_statue":3,"minecraft:lantern":2,"minecraft:soul_soil":1,"minecraft:moss_carpet":2,"minecraft:wooden_sword":1,"minecraft:iron_shovel":1,"minecraft:bone":33,"chococraft:gysahl_green":37,"minecraft:stone_bricks":1,"minecraft:bow":1,"minecraft:raw_gold":4,"minecraft:cobblestone_slab":1,"minecraft:birch_sapling":1,"minecraft:book":45,"minecraft:raw_iron":20,"born_in_chaos_v1:ethereal_spirit":1,"minecraft:gravel":9,"minecraft:spruce_fence":3,"chococraft:gysahl_green_seeds":13,"minecraft:spruce_door":2,"minecraft:rotten_flesh":1,"minecraft:arrow":7,"vinery:white_grape_seeds":15,"quark:hollow_birch_log":1,"minecraft:lodestone":1,"minecraft:oak_sapling":4,"minecraft:iron_bars":2,"minecraft:coal":58,"minecraft:cobblestone":32},"minecraft:killed_by":{"minecraft:skeleton":1},"minecraft:mined":{"minecraft:tuff":1,"minecraft:stone_brick_slab":1,"minecraft:crafting_table":4,"minecraft:grass_block":1,"minecraft:spruce_fence":2,"create:cut_deepslate":2,"minecraft:soul_soil":1,"vinery:white_grape_bush":9,"minecraft:spawner":2,"quark:hollow_birch_log":1,"valhelsia_structures:bone_pile":1,"valhelsia_structures:red_glazed_jar":1,"minecraft:birch_log":5,"minecraft:iron_ore":22,"minecraft:birch_trapdoor":1,"minecraft:birch_leaves":1,"minecraft:moss_carpet":1,"minecraft:anvil":1,"minecraft:grass":2,"minecraft:bookshelf":15,"chococraft:gysahl_green":13,"minecraft:oak_log":11,"minecraft:coal_ore":58,"minecraft:cobblestone_slab":1,"minecraft:iron_bars":2,"minecraft:gravel":7,"minecraft:lodestone":1,"realmrpg_skeletons:arrow_skeleton":1,"gnumus:fragile_gnumus_jug":2,"minecraft:stone":12,"minecraft:stone_bricks":1,"minecraft:oak_leaves":4,"valhelsia_structures:big_glazed_jar":3,"paraglider:goddess_statue":2}},"DataVersion":3465}