{"stats":{"minecraft:dropped":{"minecraft:moss_carpet":2,"minecraft:birch_sapling":1,"vinery:white_grape_seeds":2},"minecraft:killed":{"naturalist:butterfly":1,"minecraft:skeleton_horse":1,"born_in_chaos_v1:decrepit_skeleton":1},"minecraft:used":{"minecraft:wooden_axe":10,"quark:hollow_birch_log":1,"minecraft:wooden_sword":11,"minecraft:crafting_table":2,"chococraft:gysahl_green":1,"vinery:white_grape_seeds":2},"minecraft:custom":{"minecraft:time_since_rest":1383,"minecraft:sprint_one_cm":30367,"minecraft:damage_taken":255,"minecraft:walk_one_cm":19609,"minecraft:mob_kills":3,"minecraft:drop":4,"minecraft:damage_dealt":478,"minecraft:interact_with_crafting_table":2,"minecraft:talked_to_villager":1,"minecraft:fly_one_cm":39418,"minecraft:crouch_one_cm":1809,"minecraft:play_time":6891,"minecraft:deaths":1,"minecraft:sneak_time":476,"minecraft:jump":170,"minecraft:time_since_death":1357,"minecraft:climb_one_cm":478,"minecraft:total_world_time":6891,"minecraft:fall_one_cm":4778},"minecraft:crafted":{"minecraft:wooden_sword":1,"minecraft:stick":8,"minecraft:wooden_pickaxe":1,"minecraft:wooden_axe":1,"minecraft:birch_planks":20},"minecraft:picked_up":{"minecraft:birch_log":5,"minecraft:crafting_table":3,"chococraft:loverly_gysahl_green":2,"minecraft:oak_log":6,"chococraft:gysahl_green_seeds":13,"minecraft:moss_carpet":2,"minecraft:bone":3,"chococraft:gysahl_green":37,"vinery:white_grape_seeds":15,"quark:hollow_birch_log":1,"minecraft:oak_sapling":2,"minecraft:birch_sapling":1},"minecraft:killed_by":{"minecraft:skeleton":1},"minecraft:mined":{"quark:hollow_birch_log":1,"minecraft:birch_log":5,"minecraft:birch_leaves":1,"minecraft:moss_carpet":1,"minecraft:crafting_table":3,"minecraft:grass":2,"chococraft:gysahl_green":13,"minecraft:oak_log":6,"minecraft:oak_leaves":4,"vinery:white_grape_bush":9}},"DataVersion":3465}