{"stats":{"minecraft:dropped":{"minecraft:bread":21,"minecraft:sweet_berries":8,"minecraft:wheat_seeds":13,"minecraft:glass_bottle":1,"minecraft:wheat":3,"minecraft:glow_berries":3,"minecraft:knowledge_book":8,"minecraft:oak_planks":4,"minecraft:iron_hoe":1,"farmersdelight:straw":1,"minecraft:saddle":1,"minecraft:carrot":4,"minecraft:cod":3,"minecraft:stick":3,"gnumus:gnumus_claw":2,"minecraft:spruce_planks":2,"butchersdelightfoods:legcow":1,"butchersdelightfoods:beeftenderloin":1,"minecraft:rabbit":5,"gnumus:gnumus_chickpeas":5,"minecraft:raw_gold":2,"minecraft:iron_pickaxe":1,"born_in_chaos_v1:fired_black_argillite":1,"minecraft:iron_shovel":1,"minecraft:bone":2},"minecraft:killed":{"player_companions:samurai":1,"minecraft:horse":1,"minecraft:skeleton":16,"gnumus:gnumus_hunter_not_dispawn":1},"minecraft:custom":{"minecraft:interact_with_furnace":3,"lootr:looted_stat":46,"minecraft:interact_with_anvil":1,"minecraft:mob_kills":21,"minecraft:interact_with_crafting_table":8,"minecraft:open_barrel":10,"minecraft:eat_cake_slice":2,"minecraft:interact_with_stonecutter":1,"minecraft:leave_game":1,"minecraft:time_since_death":32249,"minecraft:sleep_in_bed":2,"minecraft:climb_one_cm":10399,"minecraft:damage_resisted":21,"minecraft:time_since_rest":21633,"minecraft:waystone_activated":1,"minecraft:sprint_one_cm":171822,"minecraft:damage_absorbed":80,"minecraft:damage_taken":2262,"minecraft:walk_one_cm":65401,"minecraft:damage_blocked_by_shield":1950,"minecraft:drop":34,"minecraft:damage_dealt":3356,"minecraft:talked_to_villager":2,"minecraft:fly_one_cm":157416,"minecraft:open_chest":8,"minecraft:crouch_one_cm":3224,"minecraft:play_time":48157,"minecraft:deaths":3,"minecraft:sneak_time":1336,"minecraft:jump":784,"minecraft:walk_on_water_one_cm":203,"minecraft:total_world_time":48157,"minecraft:fall_one_cm":33228},"minecraft:used":{"farmersdelight:iron_knife":1,"minecraft:knowledge_book":93,"minecraft:stone_sword":4,"born_in_chaos_v1:ethereal_spirit":30,"minecraft:birch_planks":2,"minecraft:shield":34,"minecraft:green_bed":1,"minecraft:leather_boots":1,"minecraft:golden_apple":2,"minecraft:crafting_table":2,"gnumus:gnumus_cheese":3,"minecraft:iron_hoe":26,"minecraft:diamond_pickaxe":6,"minecraft:birch_slab":1,"minecraft:lantern":2,"minecraft:iron_axe":36,"minecraft:bread":3,"minecraft:iron_pickaxe":8,"minecraft:iron_helmet":1,"minecraft:rabbit_stew":1,"minecraft:diamond_sword":42,"minecraft:potion":1,"minecraft:bow":5,"minecraft:hay_block":3,"born_in_chaos_v1:tombstone_dark_titan_066":1,"minecraft:furnace":1,"create:hand_crank":1},"minecraft:crafted":{"minecraft:oak_planks":12,"minecraft:crafting_table":2,"minecraft:spruce_planks":10,"minecraft:furnace":1,"minecraft:birch_planks":8,"minecraft:air":0,"minecraft:shield":1,"minecraft:iron_axe":1,"minecraft:stick":8,"minecraft:iron_ingot":3,"minecraft:iron_pickaxe":1,"minecraft:stone_sword":1},"minecraft:picked_up":{"minecraft:birch_log":2,"minecraft:crafting_table":1,"minecraft:wheat":3,"minecraft:iron_chestplate":1,"gnumus:gnumus_doubloons":6,"butchersdelightfoods:beeftenderloin":1,"butchersdelightfoods:legcow":1,"gnumus:gnumus_claw":2,"minecraft:birch_planks":1,"minecraft:knowledge_book":8,"minecraft:stripped_spruce_wood":1,"minecraft:brewing_stand":1,"born_in_chaos_v1:fired_black_argillite":1,"minecraft:string":3,"minecraft:lantern":6,"gnumus:gnumus_pouch_2":1,"minecraft:iron_leggings":1,"minecraft:armor_stand":1,"minecraft:bone":21,"farmersdelight:iron_knife":1,"butchersdelight:dead_cow":4,"minecraft:raw_gold":2,"farmersdelight:straw":1,"minecraft:rabbit":3,"minecraft:book":51,"minecraft:stick":2,"waystones:mossy_waystone":1,"minecraft:green_bed":2,"butchersdelight:cow_hide":3,"gnumus:gnumus_cheese":2,"minecraft:spruce_log":2,"minecraft:iron_hoe":1,"minecraft:arrow":20,"gnumus:vintage_metal":1,"minecraft:hay_block":19,"gnumus:gnumus_chickpeas":5,"born_in_chaos_v1:tombstone_dark_titan_066":1,"gnumus:mouse_skin":4,"minecraft:glow_berries":3,"minecraft:cobblestone":1},"minecraft:mined":{"minecraft:brewing_stand":1,"minecraft:smooth_sandstone":2,"minecraft:crafting_table":1,"minecraft:grass_block":1,"born_in_chaos_v1:black_argillite_brick_wall":1,"minecraft:spruce_fence":1,"minecraft:dead_bush":1,"born_in_chaos_v1:black_argillite_column_slab":1,"minecraft:hay_block":19,"minecraft:birch_planks":1,"minecraft:stripped_spruce_wood":2,"born_in_chaos_v1:tombstone_dark_titan_066":1,"butchersdelight:deadcowblock":1,"minecraft:birch_log":2,"born_in_chaos_v1:fired_black_argillite":1,"valhelsia_structures:andesite":1,"minecraft:spruce_log":2,"minecraft:birch_leaves":6,"valhelsia_structures:green_metal_framed_glass_pane":2,"minecraft:grass":3,"minecraft:bookshelf":17,"minecraft:lantern":3,"minecraft:cobweb":3,"minecraft:stone_bricks":1,"minecraft:green_bed":2,"valhelsia_structures:big_glazed_jar":1},"minecraft:killed_by":{"minecraft:husk":1,"minecraft:player":1}},"DataVersion":3465}