{"stats":{"minecraft:dropped":{"minecraft:bread":21,"minecraft:sweet_berries":8,"minecraft:wheat_seeds":13,"minecraft:wheat":3,"minecraft:knowledge_book":6,"minecraft:oak_planks":4,"minecraft:iron_hoe":1,"minecraft:saddle":1,"minecraft:carrot":4,"minecraft:cod":3,"minecraft:rabbit":2,"minecraft:raw_gold":2,"minecraft:iron_pickaxe":1,"born_in_chaos_v1:fired_black_argillite":1},"minecraft:killed":{"player_companions:samurai":1,"minecraft:horse":1},"minecraft:custom":{"minecraft:interact_with_furnace":3,"lootr:looted_stat":35,"minecraft:interact_with_anvil":1,"minecraft:mob_kills":2,"minecraft:interact_with_crafting_table":5,"minecraft:open_barrel":10,"minecraft:eat_cake_slice":2,"minecraft:leave_game":1,"minecraft:time_since_death":20249,"minecraft:sleep_in_bed":2,"minecraft:climb_one_cm":9866,"minecraft:damage_resisted":21,"minecraft:time_since_rest":9633,"minecraft:waystone_activated":1,"minecraft:sprint_one_cm":128613,"minecraft:damage_taken":1710,"minecraft:walk_one_cm":41923,"minecraft:damage_blocked_by_shield":450,"minecraft:drop":19,"minecraft:damage_dealt":683,"minecraft:talked_to_villager":2,"minecraft:fly_one_cm":117638,"minecraft:open_chest":8,"minecraft:crouch_one_cm":1862,"minecraft:play_time":36157,"minecraft:deaths":3,"minecraft:sneak_time":952,"minecraft:jump":580,"minecraft:walk_on_water_one_cm":203,"minecraft:total_world_time":36157,"minecraft:fall_one_cm":24598},"minecraft:used":{"minecraft:knowledge_book":87,"born_in_chaos_v1:ethereal_spirit":30,"minecraft:birch_planks":2,"minecraft:shield":10,"minecraft:green_bed":1,"minecraft:leather_boots":1,"minecraft:crafting_table":1,"gnumus:gnumus_cheese":3,"minecraft:iron_hoe":26,"minecraft:diamond_pickaxe":4,"minecraft:birch_slab":1,"minecraft:lantern":1,"minecraft:iron_axe":31,"minecraft:bread":3,"minecraft:iron_pickaxe":8,"minecraft:iron_helmet":1,"minecraft:rabbit_stew":1,"minecraft:bow":5,"minecraft:furnace":1,"create:hand_crank":1},"minecraft:crafted":{"minecraft:oak_planks":12,"minecraft:crafting_table":1,"minecraft:furnace":1,"minecraft:birch_planks":8,"minecraft:air":0,"minecraft:shield":1,"minecraft:iron_axe":1,"minecraft:stick":4,"minecraft:iron_ingot":3,"minecraft:iron_pickaxe":1},"minecraft:picked_up":{"minecraft:birch_log":2,"minecraft:crafting_table":1,"minecraft:wheat":3,"minecraft:iron_chestplate":1,"gnumus:gnumus_doubloons":6,"minecraft:birch_planks":1,"minecraft:knowledge_book":8,"minecraft:brewing_stand":1,"born_in_chaos_v1:fired_black_argillite":1,"minecraft:lantern":6,"minecraft:iron_leggings":1,"minecraft:armor_stand":1,"butchersdelight:dead_cow":3,"minecraft:raw_gold":2,"minecraft:book":51,"minecraft:stick":2,"waystones:mossy_waystone":1,"minecraft:green_bed":2,"gnumus:gnumus_cheese":2,"minecraft:iron_hoe":1,"gnumus:vintage_metal":1,"minecraft:hay_block":19,"born_in_chaos_v1:tombstone_dark_titan_066":1},"minecraft:mined":{"minecraft:brewing_stand":1,"minecraft:crafting_table":1,"born_in_chaos_v1:black_argillite_brick_wall":1,"minecraft:spruce_fence":1,"minecraft:dead_bush":1,"born_in_chaos_v1:black_argillite_column_slab":1,"minecraft:hay_block":19,"minecraft:birch_planks":1,"born_in_chaos_v1:tombstone_dark_titan_066":1,"minecraft:birch_log":2,"born_in_chaos_v1:fired_black_argillite":1,"valhelsia_structures:andesite":1,"minecraft:birch_leaves":6,"valhelsia_structures:green_metal_framed_glass_pane":2,"minecraft:grass":2,"minecraft:bookshelf":17,"minecraft:lantern":3,"minecraft:stone_bricks":1,"minecraft:green_bed":2,"valhelsia_structures:big_glazed_jar":1},"minecraft:killed_by":{"minecraft:husk":1,"minecraft:player":1}},"DataVersion":3465}