{"stats":{"minecraft:dropped":{"minecraft:bread":21,"minecraft:wheat_seeds":13,"minecraft:glass_bottle":2,"minecraft:knowledge_book":8,"minecraft:cobblestone":20,"minecraft:glow_berries":3,"minecraft:saddle":1,"minecraft:cod":3,"minecraft:stick":3,"gnumus:gnumus_claw":2,"butchersdelightfoods:legcow":1,"minecraft:rabbit":5,"minecraft:iron_pickaxe":1,"born_in_chaos_v1:fired_black_argillite":1,"minecraft:iron_shovel":1,"minecraft:bone":32,"minecraft:sweet_berries":8,"minecraft:wheat":3,"minecraft:rotten_flesh":3,"minecraft:oak_planks":4,"minecraft:iron_hoe":1,"farmersdelight:straw":1,"minecraft:carrot":4,"gnumus:gnumus_doubloons":17,"minecraft:hay_block":15,"minecraft:spruce_planks":2,"butchersdelightfoods:beeftenderloin":1,"gnumus:gnumus_chickpeas":5,"minecraft:raw_gold":2},"minecraft:killed":{"minecraft:spider":2,"player_companions:samurai":1,"born_in_chaos_v1:maggot":1,"minecraft:horse":1,"minecraft:skeleton":22,"gnumus:gnumus_hunter_not_dispawn":1,"minecraft:zombie":2,"minecraft:stray":1},"minecraft:used":{"minecraft:stone_sword":4,"born_in_chaos_v1:ethereal_spirit":30,"minecraft:chest":1,"minecraft:shield":41,"minecraft:iron_sword":11,"minecraft:iron_hoe":26,"minecraft:iron_axe":43,"minecraft:lantern":3,"minecraft:iron_helmet":1,"minecraft:rabbit_stew":1,"minecraft:bow":5,"minecraft:hay_block":3,"minecraft:furnace":1,"minecraft:knowledge_book":100,"farmersdelight:iron_knife":1,"minecraft:birch_planks":2,"minecraft:green_bed":1,"minecraft:leather_boots":1,"minecraft:golden_apple":2,"minecraft:crafting_table":4,"gnumus:gnumus_cheese":3,"minecraft:diamond_pickaxe":15,"minecraft:birch_slab":1,"minecraft:bread":8,"minecraft:iron_pickaxe":8,"minecraft:diamond_sword":62,"minecraft:potion":2,"born_in_chaos_v1:tombstone_dark_titan_066":1,"create:hand_crank":1},"minecraft:custom":{"lootr:looted_stat":52,"minecraft:mob_kills":34,"minecraft:interact_with_anvil":1,"minecraft:interact_with_crafting_table":18,"minecraft:open_barrel":10,"minecraft:eat_cake_slice":2,"minecraft:leave_game":1,"minecraft:time_since_death":10415,"minecraft:climb_one_cm":10399,"minecraft:damage_resisted":21,"minecraft:sprint_one_cm":245780,"minecraft:walk_one_cm":90472,"minecraft:damage_blocked_by_shield":2250,"minecraft:drop":40,"minecraft:talked_to_villager":2,"minecraft:play_time":60157,"minecraft:deaths":4,"minecraft:sneak_time":1455,"minecraft:jump":946,"minecraft:walk_on_water_one_cm":2380,"minecraft:total_world_time":60157,"minecraft:interact_with_furnace":3,"minecraft:interact_with_stonecutter":1,"minecraft:sleep_in_bed":2,"minecraft:time_since_rest":10446,"minecraft:waystone_activated":1,"minecraft:damage_taken":2788,"minecraft:damage_absorbed":80,"minecraft:damage_dealt":5240,"minecraft:fly_one_cm":185385,"minecraft:open_chest":10,"minecraft:crouch_one_cm":3481,"minecraft:fall_one_cm":36256},"minecraft:crafted":{"minecraft:oak_planks":12,"minecraft:furnace":1,"minecraft:iron_axe":1,"minecraft:chest":1,"quark:spruce_chest":1,"minecraft:wheat":162,"sophisticatedbackpacks:iron_backpack":1,"sophisticatedbackpacks:backpack":1,"minecraft:crafting_table":3,"minecraft:spruce_planks":18,"minecraft:birch_planks":8,"minecraft:bread":45,"minecraft:air":0,"minecraft:shield":1,"minecraft:stick":8,"minecraft:iron_ingot":3,"minecraft:iron_pickaxe":1,"minecraft:stone_sword":1},"minecraft:picked_up":{"minecraft:iron_chestplate":1,"minecraft:crafting_table":3,"minecraft:wheat":3,"butchersdelightfoods:legcow":1,"gnumus:gnumus_claw":2,"minecraft:knowledge_book":8,"minecraft:brewing_stand":1,"born_in_chaos_v1:fired_black_argillite":1,"minecraft:string":5,"minecraft:armor_stand":1,"minecraft:iron_leggings":1,"butchersdelight:dead_cow":4,"farmersdelight:straw":1,"minecraft:chest":1,"minecraft:stick":2,"minecraft:green_bed":2,"gnumus:vintage_metal":1,"minecraft:arrow":20,"minecraft:rotten_flesh":3,"minecraft:hay_block":36,"gnumus:gnumus_chickpeas":5,"supplementaries:ash":1,"gnumus:mouse_skin":4,"minecraft:glow_berries":3,"minecraft:cobblestone":1,"minecraft:birch_log":2,"gnumus:gnumus_doubloons":6,"butchersdelightfoods:beeftenderloin":1,"minecraft:birch_planks":1,"paraglider:spirit_orb":10,"minecraft:stripped_spruce_wood":3,"minecraft:lantern":7,"gnumus:gnumus_pouch_2":1,"minecraft:bone":32,"farmersdelight:iron_knife":1,"minecraft:raw_gold":2,"minecraft:rabbit":3,"minecraft:book":51,"waystones:mossy_waystone":1,"butchersdelight:cow_hide":3,"gnumus:gnumus_cheese":2,"minecraft:spruce_log":2,"minecraft:spider_eye":1,"minecraft:iron_hoe":1,"born_in_chaos_v1:tombstone_dark_titan_066":2},"minecraft:mined":{"minecraft:cobblestone_stairs":1,"minecraft:brewing_stand":1,"minecraft:spruce_fence":2,"born_in_chaos_v1:black_argillite_brick_wall":1,"minecraft:grass_block":1,"minecraft:spawner":6,"minecraft:hay_block":21,"valhelsia_structures:andesite":1,"valhelsia_structures:green_metal_framed_glass_pane":2,"minecraft:bookshelf":17,"amendments:wall_lantern":1,"minecraft:lantern":3,"valhelsia_structures:big_glazed_jar":1,"minecraft:green_bed":2,"minecraft:smooth_sandstone":2,"minecraft:crafting_table":3,"minecraft:chest":1,"minecraft:dead_bush":1,"born_in_chaos_v1:black_argillite_column_slab":1,"minecraft:birch_planks":1,"born_in_chaos_v1:tombstone_dark_titan_066":2,"minecraft:stripped_spruce_wood":3,"butchersdelight:deadcowblock":1,"minecraft:birch_log":2,"born_in_chaos_v1:fired_black_argillite":1,"minecraft:spruce_log":2,"minecraft:birch_leaves":6,"minecraft:grass":3,"minecraft:cobweb":3,"minecraft:stone_bricks":1},"minecraft:killed_by":{"minecraft:husk":1,"minecraft:player":1,"minecraft:skeleton":1}},"DataVersion":3465}