{"stats":{"minecraft:dropped":{"minecraft:nether_brick_stairs":2,"minecraft:bread":21,"minecraft:wheat_seeds":14,"minecraft:baked_potato":1,"minecraft:glass_bottle":3,"minecraft:knowledge_book":15,"minecraft:cobblestone":23,"minecraft:glow_berries":3,"minecraft:leather":4,"minecraft:saddle":1,"regions_unexplored:daisy":1,"minecraft:stick":3,"minecraft:cod":3,"minecraft:dirt":1,"minecraft:deepslate_brick_stairs":1,"gnumus:gnumus_claw":2,"butchersdelightfoods:legcow":1,"minecraft:gray_bed":1,"minecraft:rabbit":5,"born_in_chaos_v1:fired_black_argillite":1,"minecraft:iron_pickaxe":1,"minecraft:iron_shovel":1,"paraglider:paraglider":1,"minecraft:bone":40,"vinery:red_grape_seeds":6,"minecraft:sweet_berries":8,"minecraft:wheat":3,"minecraft:soul_lantern":1,"minecraft:rotten_flesh":3,"minecraft:oak_planks":4,"minecraft:iron_hoe":1,"farmersdelight:straw":1,"minecraft:azure_bluet":2,"minecraft:carrot":4,"gnumus:gnumus_doubloons":17,"minecraft:hay_block":15,"minecraft:spruce_planks":2,"butchersdelightfoods:beeftenderloin":1,"gnumus:gnumus_chickpeas":5,"minecraft:chainmail_boots":1,"minecraft:stone_bricks":1,"minecraft:red_nether_bricks":1,"minecraft:raw_gold":2},"minecraft:broken":{"minecraft:shield":1},"minecraft:killed":{"minecraft:vindicator":2,"minecraft:spider":2,"player_companions:samurai":2,"born_in_chaos_v1:maggot":1,"minecraft:horse":1,"minecraft:skeleton":25,"minecraft:drowned":1,"minecraft:skeleton_horse":3,"gnumus:gnumus_hunter_not_dispawn":1,"gnumus:big_snout":2,"minecraft:pillager":3,"minecraft:zombie":2,"minecraft:stray":6,"minecraft:wither_skeleton":1},"minecraft:used":{"minecraft:stone_sword":4,"born_in_chaos_v1:ethereal_spirit":30,"minecraft:chest":1,"minecraft:shield":50,"minecraft:iron_sword":78,"minecraft:nether_brick_stairs":1,"minecraft:iron_hoe":26,"minecraft:lantern":7,"minecraft:iron_axe":144,"minecraft:iron_helmet":1,"minecraft:rabbit_stew":1,"minecraft:bow":22,"minecraft:magma_block":1,"minecraft:hay_block":3,"minecraft:furnace":1,"minecraft:knowledge_book":168,"farmersdelight:iron_knife":1,"minecraft:water_bucket":23,"minecraft:birch_planks":186,"minecraft:prismarine":2,"minecraft:birch_boat":1,"minecraft:green_bed":4,"minecraft:leather_boots":1,"minecraft:golden_apple":2,"minecraft:crafting_table":8,"tetra:modular_double":4,"gnumus:gnumus_cheese":3,"minecraft:diamond_pickaxe":94,"minecraft:birch_slab":1,"minecraft:bread":47,"minecraft:iron_pickaxe":8,"waystones:mossy_waystone":1,"minecraft:diamond_sword":79,"minecraft:cobblestone":56,"minecraft:potion":3,"born_in_chaos_v1:tombstone_dark_titan_066":2,"minecraft:bucket":24,"minecraft:andesite":2,"create:hand_crank":1},"minecraft:custom":{"lootr:looted_stat":94,"minecraft:interact_with_anvil":1,"minecraft:mob_kills":60,"minecraft:interact_with_crafting_table":23,"minecraft:open_barrel":10,"minecraft:eat_cake_slice":2,"minecraft:leave_game":4,"minecraft:time_since_death":82589,"minecraft:climb_one_cm":14287,"minecraft:damage_resisted":55,"minecraft:sprint_one_cm":617574,"minecraft:walk_one_cm":192931,"minecraft:damage_blocked_by_shield":3000,"minecraft:drop":73,"minecraft:talked_to_villager":5,"minecraft:play_time":178418,"minecraft:deaths":8,"minecraft:sneak_time":9937,"minecraft:walk_under_water_one_cm":50659,"minecraft:boat_one_cm":60547,"minecraft:jump":3049,"minecraft:walk_on_water_one_cm":45434,"minecraft:total_world_time":178418,"minecraft:interact_with_furnace":3,"minecraft:interact_with_stonecutter":1,"minecraft:sleep_in_bed":7,"minecraft:time_since_rest":20741,"minecraft:waystone_activated":2,"minecraft:damage_taken":7235,"minecraft:damage_absorbed":80,"minecraft:damage_dealt":9444,"minecraft:player_kills":1,"minecraft:fly_one_cm":564202,"minecraft:swim_one_cm":109454,"minecraft:open_chest":10,"minecraft:crouch_one_cm":18556,"minecraft:fall_one_cm":129520},"minecraft:crafted":{"minecraft:oak_planks":12,"minecraft:birch_boat":1,"minecraft:furnace":1,"minecraft:leather":1,"minecraft:iron_axe":1,"minecraft:chest":1,"quark:spruce_chest":1,"tetra:modular_double":1,"sophisticatedbackpacks:iron_backpack":1,"minecraft:wheat":162,"paraglider:paraglider":2,"sophisticatedbackpacks:backpack":1,"minecraft:crafting_table":3,"minecraft:spruce_planks":18,"chococraft:chocopedia":1,"minecraft:bucket":1,"minecraft:birch_planks":264,"minecraft:bread":45,"minecraft:air":0,"minecraft:shield":1,"minecraft:stick":16,"minecraft:iron_ingot":3,"minecraft:iron_pickaxe":1,"minecraft:stone_sword":1},"minecraft:picked_up":{"chococraft:loverly_gysahl_green":3,"minecraft:crafting_table":6,"minecraft:iron_chestplate":1,"minecraft:wheat":3,"minecraft:azure_bluet":2,"minecraft:chainmail_boots":1,"butchersdelightfoods:legcow":3,"gnumus:gnumus_claw":2,"vinery:red_grape_seeds":6,"minecraft:knowledge_book":10,"minecraft:brewing_stand":3,"born_in_chaos_v1:fired_black_argillite":1,"minecraft:string":5,"minecraft:red_nether_bricks":1,"minecraft:iron_leggings":1,"minecraft:armor_stand":1,"butchersdelight:dead_cow":9,"minecraft:sea_pickle":1,"minecraft:deepslate_tiles":1,"minecraft:beef":1,"farmersdelight:straw":1,"minecraft:chest":1,"minecraft:birch_sapling":5,"minecraft:raw_iron":25,"minecraft:tipped_arrow":3,"minecraft:stick":9,"gnumus:juicy_meat":8,"minecraft:green_bed":5,"minecraft:diorite":3,"regions_unexplored:daisy":1,"gnumus:vintage_metal":1,"minecraft:arrow":27,"minecraft:rotten_flesh":3,"minecraft:deepslate_bricks":2,"minecraft:nether_bricks":1,"minecraft:hay_block":36,"gnumus:gnumus_chickpeas":5,"supplementaries:ash":1,"minecraft:deepslate_brick_stairs":3,"gnumus:mouse_skin":4,"minecraft:glow_berries":3,"minecraft:iron_bars":2,"minecraft:cobblestone":73,"minecraft:birch_log":66,"minecraft:magma_block":3,"gnumus:gnumus_doubloons":6,"butchersdelightfoods:beeftenderloin":2,"minecraft:andesite":2,"minecraft:leather":3,"minecraft:birch_planks":2,"paraglider:spirit_orb":16,"minecraft:stripped_spruce_wood":3,"minecraft:nether_wart_block":1,"minecraft:dirt":1,"endrem:undead_soul":1,"minecraft:lantern":9,"gnumus:gnumus_pouch_2":1,"minecraft:bone":47,"chococraft:gysahl_green":51,"farmersdelight:iron_knife":1,"minecraft:stone_bricks":1,"minecraft:gray_carpet":1,"minecraft:bow":1,"minecraft:wheat_seeds":1,"minecraft:raw_gold":2,"minecraft:iron_ingot":22,"minecraft:diamond_helmet":1,"minecraft:rabbit":3,"minecraft:gray_bed":1,"minecraft:book":126,"irons_spellbooks:frozen_bone":11,"waystones:mossy_waystone":1,"butchersdelight:cow_hide":8,"gnumus:gnumus_cheese":2,"chococraft:gysahl_green_seeds":18,"minecraft:nether_brick_stairs":4,"minecraft:spruce_log":2,"butchersdelightfoods:beefribs":1,"minecraft:spider_eye":1,"minecraft:iron_hoe":1,"minecraft:soul_lantern":1,"waystones:waystone":1,"minecraft:granite":128,"born_in_chaos_v1:tombstone_dark_titan_066":3,"minecraft:emerald":15,"minecraft:coal":3},"minecraft:killed_by":{"minecraft:husk":1,"minecraft:player":2,"minecraft:wither_skeleton":1,"seadwellers:mermorph_river":1,"minecraft:skeleton":1},"minecraft:mined":{"minecraft:deepslate_tiles":1,"minecraft:cobblestone_stairs":1,"minecraft:red_nether_bricks":1,"minecraft:brewing_stand":3,"minecraft:ladder":1,"minecraft:nether_bricks":2,"minecraft:spruce_fence":2,"minecraft:grass_block":2,"born_in_chaos_v1:black_argillite_brick_wall":1,"minecraft:spawner":9,"minecraft:hay_block":21,"minecraft:black_stained_glass_pane":1,"minecraft:magma_block":3,"minecraft:iron_ore":26,"minecraft:cobbled_deepslate":1,"valhelsia_structures:andesite":1,"minecraft:andesite":2,"valhelsia_structures:green_metal_framed_glass_pane":2,"minecraft:nether_brick_stairs":5,"minecraft:azure_bluet":2,"minecraft:bookshelf":42,"chococraft:gysahl_green":15,"minecraft:packed_ice":1,"amendments:wall_lantern":1,"minecraft:iron_bars":2,"minecraft:lantern":5,"minecraft:deepslate_brick_stairs":3,"minecraft:stone":6,"minecraft:green_bed":5,"valhelsia_structures:big_glazed_jar":1,"minecraft:powder_snow":27,"minecraft:smooth_sandstone":2,"minecraft:crafting_table":5,"minecraft:emerald_ore":3,"minecraft:chest":1,"minecraft:dead_bush":1,"born_in_chaos_v1:black_argillite_column_slab":1,"minecraft:cobblestone":1,"minecraft:cracked_deepslate_bricks":1,"minecraft:diorite":2,"realmrpg_skeletons:bow_skeleton":1,"minecraft:birch_planks":3,"born_in_chaos_v1:tombstone_dark_titan_066":3,"minecraft:stripped_spruce_wood":3,"butchersdelight:deadcowblock":1,"minecraft:nether_wart_block":1,"tetra:basic_workbench":1,"minecraft:birch_log":66,"born_in_chaos_v1:fired_black_argillite":1,"minecraft:gray_bed":1,"minecraft:spruce_log":2,"minecraft:birch_leaves":11,"minecraft:stone_brick_stairs":1,"minecraft:grass":8,"minecraft:coal_ore":3,"minecraft:cobweb":3,"minecraft:cracked_stone_bricks":2,"minecraft:stone_bricks":2,"minecraft:netherrack":1}},"DataVersion":3465}