{"stats":{"minecraft:dropped":{"minecraft:knowledge_book":3},"minecraft:used":{"minecraft:knowledge_book":71,"minecraft:birch_slab":1,"minecraft:birch_planks":2,"minecraft:bread":3,"minecraft:iron_helmet":1,"minecraft:leather_boots":1,"minecraft:bow":4,"minecraft:crafting_table":1,"minecraft:furnace":1,"create:hand_crank":1},"minecraft:custom":{"minecraft:time_since_rest":8939,"minecraft:waystone_activated":1,"minecraft:interact_with_furnace":1,"minecraft:sprint_one_cm":42669,"lootr:looted_stat":13,"minecraft:damage_taken":1367,"minecraft:walk_one_cm":15821,"minecraft:interact_with_anvil":1,"minecraft:drop":3,"minecraft:damage_dealt":20,"minecraft:interact_with_crafting_table":1,"minecraft:talked_to_villager":2,"minecraft:fly_one_cm":55414,"minecraft:open_barrel":4,"minecraft:crouch_one_cm":456,"minecraft:play_time":12590,"minecraft:deaths":2,"minecraft:sneak_time":379,"minecraft:jump":273,"minecraft:time_since_death":8913,"minecraft:walk_on_water_one_cm":203,"minecraft:total_world_time":12590,"minecraft:climb_one_cm":4487,"minecraft:damage_resisted":21,"minecraft:fall_one_cm":14244},"minecraft:crafted":{"minecraft:crafting_table":1,"minecraft:furnace":1,"minecraft:birch_planks":8},"minecraft:picked_up":{"minecraft:birch_log":2,"gnumus:gnumus_doubloons":6,"minecraft:green_bed":1,"minecraft:birch_planks":1,"minecraft:knowledge_book":4,"gnumus:gnumus_cheese":2,"minecraft:lantern":1,"gnumus:vintage_metal":1,"minecraft:raw_gold":2},"minecraft:killed_by":{"minecraft:player":1},"minecraft:mined":{"minecraft:birch_planks":1,"minecraft:birch_log":2,"minecraft:birch_leaves":6,"minecraft:green_bed":1}},"DataVersion":3465}