{"stats":{"minecraft:dropped":{"minecraft:sweet_berries":8,"minecraft:wheat_seeds":13,"minecraft:wheat":3,"minecraft:knowledge_book":6,"minecraft:oak_planks":4,"minecraft:iron_hoe":1,"minecraft:carrot":4,"minecraft:cod":3,"minecraft:rabbit":2},"minecraft:killed":{"minecraft:horse":1},"minecraft:custom":{"lootr:looted_stat":25,"minecraft:interact_with_furnace":3,"minecraft:interact_with_anvil":1,"minecraft:mob_kills":1,"minecraft:interact_with_crafting_table":5,"minecraft:open_barrel":5,"minecraft:eat_cake_slice":2,"minecraft:time_since_death":8682,"minecraft:sleep_in_bed":1,"minecraft:climb_one_cm":8960,"minecraft:damage_resisted":21,"minecraft:time_since_rest":8705,"minecraft:waystone_activated":1,"minecraft:sprint_one_cm":71743,"minecraft:damage_taken":1674,"minecraft:walk_one_cm":26058,"minecraft:damage_blocked_by_shield":450,"minecraft:drop":14,"minecraft:damage_dealt":300,"minecraft:talked_to_villager":2,"minecraft:fly_one_cm":88528,"minecraft:open_chest":5,"minecraft:crouch_one_cm":1393,"minecraft:play_time":24590,"minecraft:deaths":3,"minecraft:sneak_time":774,"minecraft:jump":434,"minecraft:walk_on_water_one_cm":203,"minecraft:total_world_time":24590,"minecraft:fall_one_cm":18997},"minecraft:used":{"minecraft:knowledge_book":87,"minecraft:birch_planks":2,"minecraft:shield":10,"minecraft:green_bed":1,"minecraft:leather_boots":1,"minecraft:crafting_table":1,"minecraft:iron_hoe":23,"minecraft:birch_slab":1,"minecraft:lantern":1,"minecraft:iron_axe":12,"minecraft:bread":3,"minecraft:iron_pickaxe":8,"minecraft:iron_helmet":1,"minecraft:rabbit_stew":1,"minecraft:bow":5,"minecraft:furnace":1,"create:hand_crank":1},"minecraft:crafted":{"minecraft:oak_planks":12,"minecraft:crafting_table":1,"minecraft:furnace":1,"minecraft:birch_planks":8,"minecraft:air":0,"minecraft:shield":1,"minecraft:iron_axe":1,"minecraft:stick":4,"minecraft:iron_ingot":3,"minecraft:iron_pickaxe":1},"minecraft:picked_up":{"minecraft:birch_log":2,"minecraft:wheat":3,"minecraft:crafting_table":1,"gnumus:gnumus_doubloons":6,"minecraft:birch_planks":1,"minecraft:knowledge_book":8,"minecraft:brewing_stand":1,"minecraft:lantern":4,"minecraft:raw_gold":2,"minecraft:book":21,"minecraft:green_bed":2,"waystones:mossy_waystone":1,"gnumus:gnumus_cheese":2,"minecraft:iron_hoe":1,"gnumus:vintage_metal":1,"minecraft:hay_block":19},"minecraft:mined":{"minecraft:brewing_stand":1,"minecraft:crafting_table":1,"minecraft:hay_block":19,"minecraft:birch_planks":1,"minecraft:birch_log":2,"valhelsia_structures:andesite":1,"minecraft:birch_leaves":6,"valhelsia_structures:green_metal_framed_glass_pane":2,"minecraft:grass":2,"minecraft:bookshelf":7,"minecraft:lantern":3,"minecraft:stone_bricks":1,"minecraft:green_bed":2,"valhelsia_structures:big_glazed_jar":1},"minecraft:killed_by":{"minecraft:husk":1,"minecraft:player":1}},"DataVersion":3465}