{"stats":{"minecraft:dropped":{"quark:hollow_birch_log":1,"minecraft:cobbled_deepslate_wall":1,"minecraft:cobblestone":1,"minecraft:granite":1,"minecraft:diorite":3,"minecraft:wooden_axe":1,"minecraft:iron_pickaxe":1,"minecraft:cobbled_deepslate":8,"minecraft:dark_oak_sign":2,"minecraft:tuff":7,"minecraft:birch_sapling":1,"create:asurine":19,"minecraft:deepslate_bricks":1,"minecraft:deepslate_tiles":3,"minecraft:andesite":2,"minecraft:stone_pickaxe":1,"minecraft:wooden_pickaxe":1,"minecraft:calcite":3},"minecraft:killed":{"bewitched_brewery:lost_miner":1,"graveyard:corrupted_vindicator":9,"graveyard:wraith":5,"pots_and_mimics:poison_pot_crab":1},"minecraft:used":{"quark:birch_chest":2,"minecraft:iron_sword":68,"minecraft:torch":16,"minecraft:iron_hoe":15,"minecraft:wooden_axe":15,"minecraft:iron_axe":18,"minecraft:furnace":3,"minecraft:cobbled_deepslate":2,"minecraft:brown_bed":1,"minecraft:knowledge_book":5,"minecraft:water_bucket":8,"minecraft:birch_planks":25,"minecraft:stone_pickaxe":120,"minecraft:wooden_pickaxe":22,"minecraft:deepslate_bricks":2,"minecraft:crafting_table":5,"minecraft:spider_eye":1,"minecraft:deepslate_tiles":1,"minecraft:bread":14,"minecraft:iron_pickaxe":370,"minecraft:stone_axe":4,"minecraft:cobblestone":129,"minecraft:cooked_porkchop":1,"minecraft:bucket":8,"minecraft:pumpkin_pie":1},"minecraft:custom":{"lootr:looted_stat":8,"minecraft:mob_kills":16,"minecraft:interact_with_crafting_table":25,"minecraft:open_barrel":6,"minecraft:eat_cake_slice":5,"minecraft:time_since_death":13401,"minecraft:climb_one_cm":3790,"minecraft:sprint_one_cm":144083,"minecraft:walk_one_cm":146058,"minecraft:drop":31,"minecraft:talked_to_villager":1,"minecraft:play_time":82725,"minecraft:deaths":3,"minecraft:sneak_time":23659,"minecraft:walk_under_water_one_cm":5843,"minecraft:interact_with_lectern":1,"minecraft:jump":872,"minecraft:interact_with_blast_furnace":2,"minecraft:walk_on_water_one_cm":6637,"minecraft:total_world_time":82725,"minecraft:interact_with_furnace":33,"minecraft:interact_with_loom":1,"minecraft:sleep_in_bed":1,"minecraft:time_since_rest":13437,"minecraft:damage_taken":1953,"minecraft:damage_dealt":3927,"minecraft:swim_one_cm":28517,"minecraft:fly_one_cm":119650,"minecraft:open_chest":22,"minecraft:crouch_one_cm":76043,"minecraft:fall_one_cm":15667},"minecraft:crafted":{"quark:birch_chest":2,"minecraft:furnace":2,"minecraft:iron_axe":1,"minecraft:iron_hoe":1,"minecraft:stone_pickaxe":1,"minecraft:wheat":54,"minecraft:crafting_table":2,"minecraft:wooden_pickaxe":1,"minecraft:iron_helmet":1,"minecraft:iron_sword":1,"minecraft:birch_planks":100,"minecraft:stone_axe":1,"minecraft:bread":18,"minecraft:air":0,"minecraft:iron_chestplate":1,"minecraft:shield":1,"minecraft:stick":28,"minecraft:iron_ingot":17,"minecraft:iron_pickaxe":2,"minecraft:wooden_axe":1,"minecraft:gold_ingot":4,"minecraft:iron_leggings":1,"minecraft:torch":16},"minecraft:picked_up":{"minecraft:crafting_table":3,"minecraft:anvil":1,"minecraft:brown_bed":1,"graveyard:light_gray_urn":1,"minecraft:enchanted_book":1,"minecraft:brewing_stand":1,"minecraft:string":1,"minecraft:raw_copper":6,"graveyard:corruption":9,"minecraft:deepslate_tiles":4,"minecraft:cobbled_deepslate":10,"minecraft:calcite":3,"minecraft:iron_nugget":14,"graveyard:leaning_skeleton":1,"minecraft:birch_sapling":2,"minecraft:furnace":1,"minecraft:stick":2,"minecraft:raw_iron":43,"minecraft:torch":12,"minecraft:diorite":3,"minecraft:redstone":15,"supplementaries:antique_ink":3,"minecraft:deepslate_bricks":3,"minecraft:hay_block":6,"create:asurine":19,"minecraft:gold_ingot":2,"supplementaries:ash":7,"minecraft:cobblestone":298,"minecraft:birch_log":25,"minecraft:water_bucket":1,"minecraft:andesite":2,"minecraft:birch_planks":3,"minecraft:tuff":7,"create:raw_zinc":20,"supplementaries:flax_seeds":6,"minecraft:golden_boots":1,"minecraft:bone":24,"minecraft:cobbled_deepslate_wall":1,"minecraft:cobweb":10,"minecraft:stone_pickaxe":1,"minecraft:iron_ingot":6,"minecraft:dark_oak_sign":2,"minecraft:book":45,"minecraft:spider_eye":1,"burnt:sulphur":29,"minecraft:granite":1,"quark:hollow_birch_log":1,"minecraft:coal":37},"minecraft:killed_by":{"graveyard:corrupted_vindicator":1,"graveyard:wraith":2},"minecraft:mined":{"create:zinc_ore":20,"realmrpg_skeletons:waterdrop_skeleton":1,"minecraft:deepslate_tiles":4,"minecraft:tuff":7,"burnt:sulphur_block":20,"minecraft:sculk_vein":2,"minecraft:brewing_stand":1,"minecraft:glow_lichen":1,"minecraft:granite":1,"minecraft:deepslate_bricks":3,"quark:hollow_birch_log":1,"minecraft:hay_block":6,"minecraft:furnace":1,"minecraft:iron_ore":37,"minecraft:andesite":2,"minecraft:anvil":1,"minecraft:brown_bed":1,"create:asurine":19,"minecraft:sculk_shrieker":1,"minecraft:bookshelf":16,"minecraft:deepslate_iron_ore":4,"minecraft:deepslate_brick_stairs":2,"minecraft:stone":269,"minecraft:deepslate_redstone_ore":3,"graveyard:light_gray_urn":1,"minecraft:brown_stained_glass_pane":1,"minecraft:crafting_table":4,"minecraft:cobbled_deepslate_wall":1,"minecraft:calcite":3,"minecraft:sculk_sensor":9,"minecraft:copper_ore":1,"minecraft:cobblestone":29,"minecraft:sculk":3,"minecraft:diorite":3,"minecraft:wall_torch":3,"minecraft:amethyst_block":1,"supplementaries:urn":9,"minecraft:birch_planks":3,"minecraft:birch_log":25,"minecraft:birch_leaves":1,"minecraft:cracked_deepslate_tiles":1,"minecraft:coal_ore":36,"minecraft:cobweb":1,"pots_and_mimics:treasure_pot":4,"minecraft:deepslate":15}},"DataVersion":3465}