{"stats":{"minecraft:dropped":{"minecraft:iron_sword":1,"tetra:scroll_rolled":1,"quark:hollow_birch_log":1,"minecraft:prismarine_shard":2,"minecraft:cobbled_deepslate_wall":1,"minecraft:cobblestone":24,"minecraft:granite":1,"minecraft:copper_ingot":2,"minecraft:music_disc_11":1,"minecraft:cobweb":9,"minecraft:stick":1,"minecraft:diorite":3,"minecraft:cracked_deepslate_tiles":4,"minecraft:wooden_axe":1,"minecraft:seagrass":3,"minecraft:iron_leggings":1,"minecraft:bone_meal":1,"minecraft:gold_nugget":16,"minecraft:iron_pickaxe":1,"minecraft:bucket":1,"minecraft:redstone":27,"minecraft:cobbled_deepslate":9,"minecraft:dark_oak_sign":2,"minecraft:raw_copper":11,"minecraft:tuff":7,"minecraft:birch_sapling":1,"minecraft:rotten_flesh":3,"create:asurine":19,"minecraft:chiseled_deepslate":1,"minecraft:deepslate_bricks":1,"supplementaries:flax_seeds":4,"supplementaries:ash":26,"minecraft:deepslate_tiles":6,"minecraft:iron_chestplate":1,"minecraft:andesite":2,"minecraft:leather_boots":1,"minecraft:stone_pickaxe":1,"minecraft:wooden_pickaxe":1,"minecraft:calcite":3,"minecraft:iron_ingot":8},"minecraft:mined":{"create:zinc_ore":20,"realmrpg_skeletons:waterdrop_skeleton":1,"minecraft:deepslate_tiles":11,"minecraft:tuff":22,"minecraft:deepslate_diamond_ore":8,"graveyard:gray_urn":1,"burnt:sulphur_block":20,"tetra:block_geode":1,"minecraft:sculk_vein":6,"minecraft:brewing_stand":1,"minecraft:granite":6,"minecraft:glow_lichen":1,"minecraft:ladder":2,"graveyard:tg_deepslate":3,"minecraft:coal_block":4,"minecraft:deepslate_bricks":3,"minecraft:spawner":2,"minecraft:potted_warped_fungus":2,"quark:hollow_birch_log":1,"minecraft:hay_block":6,"graveyard:wither_skull_with_rib_cage":1,"minecraft:sculk_catalyst":1,"minecraft:furnace":1,"minecraft:iron_ore":38,"minecraft:cobbled_deepslate":20,"minecraft:andesite":8,"minecraft:chiseled_deepslate":1,"minecraft:deepslate_lapis_ore":1,"minecraft:anvil":1,"minecraft:brown_bed":1,"chococraft:gysahl_green":4,"create:asurine":19,"minecraft:polished_deepslate":2,"minecraft:sculk_shrieker":4,"minecraft:bookshelf":16,"minecraft:deepslate_iron_ore":10,"minecraft:polished_deepslate_slab":1,"minecraft:deepslate_brick_stairs":3,"minecraft:stone":299,"ad_astra:sky_stone":3,"minecraft:deepslate_redstone_ore":9,"graveyard:light_gray_urn":1,"minecraft:brown_stained_glass_pane":1,"born_in_chaos_v1:infected_deepslate_diamond_ore":2,"minecraft:crafting_table":5,"minecraft:cobbled_deepslate_wall":1,"minecraft:torch":1,"minecraft:calcite":3,"minecraft:sculk_sensor":24,"minecraft:cobblestone":46,"minecraft:copper_ore":1,"minecraft:lapis_ore":1,"minecraft:deepslate_gold_ore":8,"graveyard:lying_skeleton":1,"minecraft:prismarine":1,"minecraft:oak_planks":1,"minecraft:sculk":18,"minecraft:diorite":5,"minecraft:wall_torch":14,"minecraft:amethyst_block":1,"supplementaries:urn":29,"minecraft:dead_fire_coral_block":1,"minecraft:birch_planks":3,"graveyard:vase_block":7,"minecraft:birch_log":25,"minecraft:birch_leaves":1,"minecraft:cracked_deepslate_tiles":5,"minecraft:coal_ore":36,"minecraft:cobweb":17,"minecraft:wither_skeleton_skull":1,"pots_and_mimics:treasure_pot":22,"minecraft:deepslate":84},"minecraft:picked_up":{"born_in_chaos_v1:diamond_termite_shard":2,"minecraft:chiseled_deepslate":1,"minecraft:seagrass":3,"minecraft:crafting_table":4,"minecraft:wheat":2,"minecraft:creeper_head":1,"minecraft:prismarine_shard":2,"minecraft:ladder":2,"minecraft:anvil":1,"graveyard:light_gray_urn":1,"minecraft:brown_bed":1,"minecraft:enchanted_book":7,"minecraft:diamond_horse_armor":1,"minecraft:brewing_stand":1,"ad_astra:sky_stone":3,"minecraft:polished_deepslate":2,"minecraft:string":17,"minecraft:raw_copper":17,"graveyard:corruption":22,"minecraft:deepslate_tiles":11,"minecraft:gold_nugget":61,"minecraft:cobbled_deepslate":97,"minecraft:bucket":1,"minecraft:calcite":3,"minecraft:iron_nugget":14,"graveyard:leaning_skeleton":1,"minecraft:coal_block":4,"minecraft:birch_sapling":2,"minecraft:furnace":1,"minecraft:stick":3,"minecraft:raw_iron":66,"minecraft:polished_deepslate_slab":1,"minecraft:copper_ingot":2,"minecraft:torch":36,"minecraft:diorite":3,"minecraft:carrot":1,"minecraft:redstone":43,"quark:ancient_tome":1,"minecraft:tnt":3,"minecraft:rotten_flesh":19,"minecraft:deepslate_bricks":3,"minecraft:hay_block":6,"supplementaries:antique_ink":3,"graveyard:gray_urn":1,"create:asurine":19,"born_in_chaos_v1:spiny_shell":3,"minecraft:gold_ingot":7,"supplementaries:ash":33,"minecraft:deepslate_brick_stairs":1,"minecraft:cobblestone":314,"minecraft:cracked_deepslate_tiles":4,"minecraft:birch_log":25,"born_in_chaos_v1:corpse_maggot":49,"minecraft:leather_chestplate":1,"minecraft:water_bucket":1,"minecraft:andesite":2,"waystones:sandy_waystone":1,"minecraft:birch_planks":3,"bewitched_brewery:ectoplasm":1,"paraglider:spirit_orb":4,"minecraft:tuff":22,"create:raw_zinc":20,"supplementaries:flax_seeds":10,"minecraft:golden_boots":1,"minecraft:gunpowder":13,"minecraft:wither_skeleton_skull":1,"minecraft:lapis_lazuli":11,"minecraft:name_tag":1,"minecraft:leather_boots":1,"minecraft:bone":51,"chococraft:gysahl_green":14,"minecraft:apple":4,"minecraft:cobbled_deepslate_wall":1,"minecraft:raw_gold":17,"minecraft:iron_ingot":11,"minecraft:stone_pickaxe":1,"minecraft:cobweb":36,"minecraft:dark_oak_sign":2,"minecraft:glowstone_dust":4,"minecraft:moss_block":1,"minecraft:oak_planks":1,"minecraft:book":45,"minecraft:warped_fungus":2,"minecraft:dead_fire_coral_block":1,"chococraft:gysahl_green_seeds":4,"minecraft:spider_eye":1,"burnt:sulphur":29,"tetra:geode":1,"minecraft:diamond":10,"minecraft:scute":1,"minecraft:granite":1,"minecraft:bone_meal":9,"quark:hollow_birch_log":1,"minecraft:emerald":2,"born_in_chaos_v1:rotten_fish":1,"minecraft:coal":71},"minecraft:killed":{"minecraft:witch":2,"bewitched_brewery:lost_miner":2,"pots_and_mimics:pot_crab":3,"graveyard:corrupted_vindicator":20,"minecraft:spider":2,"kobolds:kobold_rascal":1,"graveyard:wraith":27,"born_in_chaos_v1:thornshell_crab":1,"minecraft:skeleton":1,"born_in_chaos_v1:maggot":9,"realmrpg_demons:chort":1,"minecraft:drowned":1,"born_in_chaos_v1:corpse_fish":2,"born_in_chaos_v1:barrel_zombie":1,"minecraft:husk":1,"born_in_chaos_v1:diamond_termite":2,"minecraft:bat":1,"majruszsdifficulty:cursed_armor":4,"minecraft:creeper":1,"minecraft:zombie":18,"born_in_chaos_v1:corpse_fly":48,"pots_and_mimics:poison_pot_crab":1,"whatareyouvotingfor:penguin":1,"graveyard:corrupted_pillager":2,"chococraft:chocobo":1},"minecraft:custom":{"lootr:looted_stat":31,"minecraft:mob_kills":154,"minecraft:interact_with_crafting_table":34,"minecraft:open_barrel":9,"minecraft:damage_dealt_resisted":10,"minecraft:eat_cake_slice":5,"minecraft:leave_game":1,"minecraft:time_since_death":73248,"minecraft:climb_one_cm":9317,"minecraft:sprint_one_cm":406681,"minecraft:walk_one_cm":512608,"minecraft:damage_blocked_by_shield":145,"minecraft:drop":70,"minecraft:talked_to_villager":1,"minecraft:play_time":218584,"minecraft:deaths":9,"minecraft:sneak_time":46908,"minecraft:walk_under_water_one_cm":44309,"minecraft:interact_with_lectern":4,"minecraft:jump":2648,"minecraft:interact_with_blast_furnace":2,"minecraft:walk_on_water_one_cm":43742,"minecraft:total_world_time":218584,"minecraft:interact_with_furnace":66,"minecraft:interact_with_loom":4,"minecraft:sleep_in_bed":1,"minecraft:time_since_rest":74513,"minecraft:damage_taken":5906,"minecraft:damage_dealt":27843,"minecraft:swim_one_cm":99569,"minecraft:fly_one_cm":372703,"minecraft:open_chest":63,"minecraft:crouch_one_cm":150111,"minecraft:fall_one_cm":36151},"minecraft:used":{"minecraft:moss_block":1,"quark:birch_chest":2,"minecraft:polished_deepslate":2,"minecraft:ladder":2,"minecraft:shield":3,"minecraft:iron_sword":299,"minecraft:cooked_chicken":2,"minecraft:rotten_flesh":31,"minecraft:oak_door":1,"minecraft:torch":252,"minecraft:carrot":2,"minecraft:tuff":15,"born_in_chaos_v1:corpse_maggot":49,"minecraft:iron_hoe":50,"minecraft:wooden_axe":15,"graveyard:gray_urn":1,"minecraft:iron_axe":20,"minecraft:written_book":1,"minecraft:furnace":4,"minecraft:cobbled_deepslate":84,"minecraft:brown_bed":1,"minecraft:knowledge_book":7,"minecraft:water_bucket":11,"minecraft:amethyst_block":2,"minecraft:birch_planks":25,"minecraft:oak_planks":13,"minecraft:stone_pickaxe":120,"minecraft:wooden_pickaxe":22,"minecraft:deepslate_bricks":2,"minecraft:cookie":4,"minecraft:polished_deepslate_slab":1,"minecraft:crafting_table":7,"minecraft:spider_eye":1,"minecraft:deepslate_tiles":2,"minecraft:bread":31,"minecraft:iron_pickaxe":664,"minecraft:stone_axe":4,"minecraft:diamond_sword":237,"minecraft:cobblestone":244,"chococraft:gysahl_green":4,"minecraft:cooked_porkchop":2,"minecraft:bucket":12,"minecraft:pumpkin_pie":1,"quark:oak_chest":1,"minecraft:cobweb":9},"minecraft:crafted":{"minecraft:oak_door":3,"quark:birch_chest":2,"minecraft:furnace":3,"graveyard:dark_iron_ingot":9,"minecraft:bow":1,"minecraft:iron_boots":1,"minecraft:iron_axe":1,"minecraft:iron_hoe":1,"minecraft:stone_pickaxe":1,"minecraft:wheat":54,"minecraft:diamond_sword":1,"minecraft:crafting_table":4,"minecraft:wooden_pickaxe":1,"minecraft:iron_helmet":1,"minecraft:iron_sword":1,"minecraft:bucket":1,"minecraft:birch_planks":100,"minecraft:stone_axe":1,"minecraft:bread":18,"minecraft:air":0,"minecraft:iron_chestplate":1,"minecraft:diamond_pickaxe":1,"minecraft:shield":1,"quark:oak_chest":1,"minecraft:stick":84,"minecraft:iron_ingot":33,"minecraft:iron_pickaxe":2,"minecraft:wooden_axe":1,"minecraft:iron_leggings":1,"minecraft:gold_ingot":77,"minecraft:torch":252},"minecraft:killed_by":{"born_in_chaos_v1:corpse_fly":1,"graveyard:corrupted_vindicator":1,"graveyard:wraith":7},"minecraft:broken":{"minecraft:iron_helmet":1}},"DataVersion":3465}