{"stats":{"minecraft:dropped":{"minecraft:cobbled_deepslate":8,"quark:hollow_birch_log":1,"minecraft:dark_oak_sign":2,"minecraft:tuff":7,"minecraft:birch_sapling":1,"minecraft:cobbled_deepslate_wall":1,"minecraft:cobblestone":1,"minecraft:granite":1,"create:asurine":19,"minecraft:deepslate_bricks":1,"minecraft:deepslate_tiles":3,"minecraft:diorite":3,"minecraft:wooden_axe":1,"minecraft:andesite":2,"minecraft:wooden_pickaxe":1,"minecraft:stone_pickaxe":1,"minecraft:iron_pickaxe":1,"minecraft:calcite":3},"minecraft:killed":{"graveyard:wraith":4,"pots_and_mimics:poison_pot_crab":1},"minecraft:custom":{"lootr:looted_stat":7,"minecraft:interact_with_furnace":32,"minecraft:mob_kills":5,"minecraft:interact_with_crafting_table":23,"minecraft:open_barrel":3,"minecraft:eat_cake_slice":5,"minecraft:time_since_death":1401,"minecraft:sleep_in_bed":1,"minecraft:climb_one_cm":2768,"minecraft:time_since_rest":1437,"minecraft:sprint_one_cm":122049,"minecraft:damage_taken":1532,"minecraft:walk_one_cm":120264,"minecraft:drop":31,"minecraft:damage_dealt":1310,"minecraft:talked_to_villager":1,"minecraft:swim_one_cm":28517,"minecraft:fly_one_cm":96412,"minecraft:open_chest":18,"minecraft:crouch_one_cm":54009,"minecraft:play_time":70725,"minecraft:deaths":3,"minecraft:sneak_time":18638,"minecraft:walk_under_water_one_cm":5843,"minecraft:jump":734,"minecraft:interact_with_blast_furnace":2,"minecraft:walk_on_water_one_cm":6637,"minecraft:total_world_time":70725,"minecraft:fall_one_cm":15249},"minecraft:used":{"minecraft:knowledge_book":5,"minecraft:water_bucket":8,"quark:birch_chest":1,"minecraft:birch_planks":25,"minecraft:stone_pickaxe":120,"minecraft:wooden_pickaxe":22,"minecraft:iron_sword":15,"minecraft:deepslate_bricks":2,"minecraft:torch":14,"minecraft:crafting_table":5,"minecraft:spider_eye":1,"minecraft:deepslate_tiles":1,"minecraft:wooden_axe":15,"minecraft:iron_axe":4,"minecraft:bread":10,"minecraft:iron_pickaxe":359,"minecraft:stone_axe":4,"minecraft:cobblestone":111,"minecraft:furnace":3,"minecraft:bucket":8,"minecraft:pumpkin_pie":1,"minecraft:cobbled_deepslate":2,"minecraft:brown_bed":1},"minecraft:crafted":{"quark:birch_chest":1,"minecraft:crafting_table":2,"minecraft:wooden_pickaxe":1,"minecraft:iron_helmet":1,"minecraft:iron_sword":1,"minecraft:furnace":2,"minecraft:birch_planks":100,"minecraft:stone_axe":1,"minecraft:bread":18,"minecraft:air":0,"minecraft:iron_chestplate":1,"minecraft:shield":1,"minecraft:iron_axe":1,"minecraft:stick":28,"minecraft:iron_ingot":17,"minecraft:iron_pickaxe":2,"minecraft:stone_pickaxe":1,"minecraft:wooden_axe":1,"minecraft:iron_leggings":1,"minecraft:gold_ingot":4,"minecraft:torch":16,"minecraft:wheat":54},"minecraft:picked_up":{"minecraft:birch_log":25,"minecraft:crafting_table":3,"minecraft:anvil":1,"minecraft:water_bucket":1,"minecraft:andesite":2,"graveyard:light_gray_urn":1,"minecraft:brown_bed":1,"minecraft:birch_planks":3,"minecraft:enchanted_book":1,"minecraft:tuff":7,"create:raw_zinc":20,"supplementaries:flax_seeds":6,"minecraft:brewing_stand":1,"minecraft:raw_copper":6,"minecraft:bone":24,"minecraft:cobbled_deepslate_wall":1,"minecraft:deepslate_tiles":4,"minecraft:cobbled_deepslate":10,"minecraft:dark_oak_sign":2,"minecraft:iron_ingot":6,"minecraft:stone_pickaxe":1,"minecraft:cobweb":10,"minecraft:calcite":3,"minecraft:iron_nugget":14,"graveyard:leaning_skeleton":1,"minecraft:birch_sapling":2,"minecraft:book":6,"minecraft:furnace":1,"minecraft:stick":2,"minecraft:raw_iron":43,"minecraft:torch":11,"minecraft:diorite":3,"minecraft:redstone":15,"minecraft:spider_eye":1,"burnt:sulphur":29,"minecraft:hay_block":6,"minecraft:deepslate_bricks":3,"supplementaries:antique_ink":3,"minecraft:granite":1,"create:asurine":19,"quark:hollow_birch_log":1,"minecraft:gold_ingot":2,"supplementaries:ash":7,"minecraft:coal":37,"minecraft:cobblestone":289},"minecraft:killed_by":{"graveyard:corrupted_vindicator":1,"graveyard:wraith":2},"minecraft:mined":{"create:zinc_ore":20,"minecraft:deepslate_redstone_ore":3,"realmrpg_skeletons:waterdrop_skeleton":1,"minecraft:deepslate_tiles":4,"minecraft:tuff":7,"graveyard:light_gray_urn":1,"burnt:sulphur_block":20,"minecraft:brown_stained_glass_pane":1,"minecraft:brewing_stand":1,"minecraft:crafting_table":4,"minecraft:cobbled_deepslate_wall":1,"minecraft:glow_lichen":1,"minecraft:granite":1,"minecraft:calcite":3,"minecraft:deepslate_bricks":3,"minecraft:cobblestone":20,"minecraft:copper_ore":1,"minecraft:diorite":3,"minecraft:wall_torch":2,"supplementaries:urn":9,"quark:hollow_birch_log":1,"minecraft:hay_block":6,"minecraft:birch_planks":3,"minecraft:furnace":1,"minecraft:birch_log":25,"minecraft:iron_ore":37,"minecraft:birch_leaves":1,"minecraft:andesite":2,"minecraft:anvil":1,"minecraft:brown_bed":1,"create:asurine":19,"minecraft:cracked_deepslate_tiles":1,"minecraft:bookshelf":2,"minecraft:coal_ore":36,"minecraft:deepslate_iron_ore":4,"minecraft:deepslate_brick_stairs":1,"minecraft:stone":269,"pots_and_mimics:treasure_pot":4,"minecraft:deepslate":15}},"DataVersion":3465}