{"stats":{"minecraft:dropped":{"minecraft:cobbled_deepslate":1,"quark:hollow_birch_log":1,"minecraft:deepslate_bricks":1,"minecraft:deepslate_tiles":2,"minecraft:diorite":2,"minecraft:wooden_axe":1,"minecraft:andesite":1,"minecraft:wooden_pickaxe":1,"minecraft:stone_pickaxe":1},"minecraft:killed":{"pots_and_mimics:poison_pot_crab":1},"minecraft:used":{"minecraft:birch_planks":21,"minecraft:stone_pickaxe":120,"minecraft:wooden_pickaxe":22,"minecraft:deepslate_bricks":2,"minecraft:torch":3,"minecraft:crafting_table":4,"minecraft:spider_eye":1,"minecraft:deepslate_tiles":1,"minecraft:wooden_axe":15,"minecraft:iron_axe":4,"minecraft:iron_pickaxe":126,"minecraft:stone_axe":4,"minecraft:cobblestone":100,"minecraft:furnace":2,"minecraft:cobbled_deepslate":2},"minecraft:custom":{"minecraft:interact_with_furnace":10,"minecraft:mob_kills":1,"minecraft:interact_with_crafting_table":5,"minecraft:time_since_death":2841,"minecraft:time_since_rest":2954,"minecraft:sprint_one_cm":56593,"minecraft:damage_taken":313,"minecraft:walk_one_cm":57057,"minecraft:drop":11,"minecraft:damage_dealt":200,"minecraft:swim_one_cm":16012,"minecraft:fly_one_cm":35515,"minecraft:crouch_one_cm":31545,"minecraft:play_time":34725,"minecraft:deaths":1,"minecraft:sneak_time":12218,"minecraft:walk_under_water_one_cm":1837,"minecraft:jump":386,"minecraft:walk_on_water_one_cm":3613,"minecraft:total_world_time":34725,"minecraft:fall_one_cm":3313},"minecraft:crafted":{"minecraft:crafting_table":2,"minecraft:wooden_pickaxe":1,"minecraft:furnace":1,"minecraft:birch_planks":100,"minecraft:stone_axe":1,"minecraft:air":0,"minecraft:iron_axe":1,"minecraft:stick":24,"minecraft:iron_ingot":4,"minecraft:iron_pickaxe":1,"minecraft:stone_pickaxe":1,"minecraft:wooden_axe":1,"minecraft:torch":8},"minecraft:picked_up":{"minecraft:birch_log":25,"minecraft:crafting_table":3,"minecraft:water_bucket":1,"minecraft:andesite":1,"graveyard:light_gray_urn":1,"minecraft:birch_planks":3,"minecraft:enchanted_book":1,"create:raw_zinc":20,"supplementaries:flax_seeds":6,"minecraft:raw_copper":6,"minecraft:bone":24,"minecraft:deepslate_tiles":3,"minecraft:cobbled_deepslate":3,"minecraft:iron_ingot":6,"minecraft:stone_pickaxe":1,"minecraft:cobweb":10,"minecraft:iron_nugget":14,"graveyard:leaning_skeleton":1,"minecraft:birch_sapling":1,"minecraft:furnace":1,"minecraft:stick":2,"minecraft:raw_iron":37,"minecraft:torch":11,"minecraft:diorite":2,"minecraft:redstone":15,"minecraft:spider_eye":1,"burnt:sulphur":29,"minecraft:deepslate_bricks":3,"supplementaries:antique_ink":3,"quark:hollow_birch_log":1,"minecraft:gold_ingot":2,"supplementaries:ash":7,"minecraft:coal":37,"minecraft:cobblestone":114},"minecraft:killed_by":{"graveyard:wraith":1},"minecraft:mined":{"create:zinc_ore":20,"minecraft:deepslate_redstone_ore":3,"realmrpg_skeletons:waterdrop_skeleton":1,"minecraft:deepslate_tiles":3,"graveyard:light_gray_urn":1,"burnt:sulphur_block":20,"minecraft:crafting_table":4,"minecraft:glow_lichen":1,"minecraft:deepslate_bricks":3,"minecraft:cobblestone":20,"minecraft:copper_ore":1,"minecraft:diorite":2,"minecraft:wall_torch":2,"supplementaries:urn":9,"quark:hollow_birch_log":1,"minecraft:birch_planks":3,"minecraft:furnace":1,"minecraft:birch_log":25,"minecraft:iron_ore":31,"minecraft:birch_leaves":1,"minecraft:andesite":1,"minecraft:cracked_deepslate_tiles":1,"minecraft:coal_ore":36,"minecraft:deepslate_iron_ore":4,"minecraft:deepslate_brick_stairs":1,"minecraft:stone":94,"pots_and_mimics:treasure_pot":4,"minecraft:deepslate":8}},"DataVersion":3465}