{"stats":{"minecraft:dropped":{"minecraft:cobbled_deepslate":1,"quark:hollow_birch_log":1,"minecraft:dark_oak_sign":2,"minecraft:deepslate_bricks":1,"minecraft:deepslate_tiles":2,"minecraft:diorite":2,"minecraft:wooden_axe":1,"minecraft:andesite":1,"minecraft:wooden_pickaxe":1,"minecraft:stone_pickaxe":1},"minecraft:killed":{"pots_and_mimics:poison_pot_crab":1},"minecraft:used":{"minecraft:water_bucket":8,"minecraft:birch_planks":25,"minecraft:stone_pickaxe":120,"minecraft:wooden_pickaxe":22,"minecraft:deepslate_bricks":2,"minecraft:torch":3,"minecraft:crafting_table":4,"minecraft:spider_eye":1,"minecraft:deepslate_tiles":1,"minecraft:wooden_axe":15,"minecraft:iron_axe":4,"minecraft:iron_pickaxe":156,"minecraft:stone_axe":4,"minecraft:cobblestone":102,"minecraft:furnace":2,"minecraft:bucket":8,"minecraft:pumpkin_pie":1,"minecraft:cobbled_deepslate":2},"minecraft:custom":{"lootr:looted_stat":7,"minecraft:interact_with_furnace":15,"minecraft:mob_kills":1,"minecraft:interact_with_crafting_table":7,"minecraft:open_barrel":3,"minecraft:eat_cake_slice":5,"minecraft:time_since_death":14841,"minecraft:climb_one_cm":2768,"minecraft:time_since_rest":14954,"minecraft:sprint_one_cm":97363,"minecraft:damage_taken":343,"minecraft:walk_one_cm":84579,"minecraft:drop":13,"minecraft:damage_dealt":200,"minecraft:talked_to_villager":1,"minecraft:swim_one_cm":28517,"minecraft:fly_one_cm":80198,"minecraft:open_chest":4,"minecraft:crouch_one_cm":34111,"minecraft:play_time":46725,"minecraft:deaths":1,"minecraft:sneak_time":13054,"minecraft:walk_under_water_one_cm":5843,"minecraft:jump":643,"minecraft:interact_with_blast_furnace":2,"minecraft:walk_on_water_one_cm":6637,"minecraft:total_world_time":46725,"minecraft:fall_one_cm":13704},"minecraft:crafted":{"minecraft:crafting_table":2,"minecraft:wooden_pickaxe":1,"minecraft:furnace":1,"minecraft:birch_planks":100,"minecraft:stone_axe":1,"minecraft:bread":18,"minecraft:air":0,"minecraft:iron_axe":1,"minecraft:stick":28,"minecraft:iron_ingot":4,"minecraft:iron_pickaxe":2,"minecraft:stone_pickaxe":1,"minecraft:wooden_axe":1,"minecraft:torch":16,"minecraft:wheat":54},"minecraft:picked_up":{"minecraft:birch_log":25,"minecraft:crafting_table":3,"minecraft:anvil":1,"minecraft:water_bucket":1,"minecraft:andesite":1,"graveyard:light_gray_urn":1,"minecraft:brown_bed":1,"minecraft:birch_planks":3,"minecraft:enchanted_book":1,"create:raw_zinc":20,"supplementaries:flax_seeds":6,"minecraft:brewing_stand":1,"minecraft:raw_copper":6,"minecraft:bone":24,"minecraft:deepslate_tiles":3,"minecraft:cobbled_deepslate":3,"minecraft:dark_oak_sign":2,"minecraft:iron_ingot":6,"minecraft:stone_pickaxe":1,"minecraft:cobweb":10,"minecraft:iron_nugget":14,"graveyard:leaning_skeleton":1,"minecraft:birch_sapling":1,"minecraft:book":6,"minecraft:furnace":1,"minecraft:stick":2,"minecraft:raw_iron":43,"minecraft:torch":11,"minecraft:diorite":2,"minecraft:redstone":15,"minecraft:spider_eye":1,"burnt:sulphur":29,"minecraft:hay_block":6,"minecraft:deepslate_bricks":3,"supplementaries:antique_ink":3,"quark:hollow_birch_log":1,"minecraft:gold_ingot":2,"supplementaries:ash":7,"minecraft:coal":37,"minecraft:cobblestone":134},"minecraft:killed_by":{"graveyard:wraith":1},"minecraft:mined":{"create:zinc_ore":20,"minecraft:deepslate_redstone_ore":3,"realmrpg_skeletons:waterdrop_skeleton":1,"minecraft:deepslate_tiles":3,"graveyard:light_gray_urn":1,"burnt:sulphur_block":20,"minecraft:brown_stained_glass_pane":1,"minecraft:brewing_stand":1,"minecraft:crafting_table":4,"minecraft:glow_lichen":1,"minecraft:deepslate_bricks":3,"minecraft:cobblestone":20,"minecraft:copper_ore":1,"minecraft:diorite":2,"minecraft:wall_torch":2,"supplementaries:urn":9,"quark:hollow_birch_log":1,"minecraft:hay_block":6,"minecraft:birch_planks":3,"minecraft:furnace":1,"minecraft:birch_log":25,"minecraft:iron_ore":37,"minecraft:birch_leaves":1,"minecraft:andesite":1,"minecraft:anvil":1,"minecraft:brown_bed":1,"minecraft:cracked_deepslate_tiles":1,"minecraft:bookshelf":2,"minecraft:coal_ore":36,"minecraft:deepslate_iron_ore":4,"minecraft:deepslate_brick_stairs":1,"minecraft:stone":115,"pots_and_mimics:treasure_pot":4,"minecraft:deepslate":8}},"DataVersion":3465}