{"stats":{"minecraft:dropped":{"minecraft:iron_sword":1,"quark:hollow_birch_log":1,"minecraft:cobbled_deepslate_wall":1,"minecraft:cobblestone":1,"minecraft:granite":1,"minecraft:stick":1,"minecraft:cobweb":9,"minecraft:diorite":3,"minecraft:wooden_axe":1,"minecraft:iron_pickaxe":1,"minecraft:bucket":1,"minecraft:cobbled_deepslate":9,"minecraft:dark_oak_sign":2,"minecraft:tuff":7,"minecraft:birch_sapling":1,"create:asurine":19,"minecraft:chiseled_deepslate":1,"minecraft:deepslate_bricks":1,"minecraft:deepslate_tiles":3,"minecraft:andesite":2,"minecraft:stone_pickaxe":1,"minecraft:wooden_pickaxe":1,"minecraft:calcite":3},"minecraft:killed":{"minecraft:witch":2,"bewitched_brewery:lost_miner":2,"graveyard:corrupted_vindicator":20,"graveyard:wraith":21,"born_in_chaos_v1:maggot":2,"minecraft:husk":1,"minecraft:zombie":6,"born_in_chaos_v1:corpse_fly":6,"pots_and_mimics:poison_pot_crab":1},"minecraft:used":{"quark:birch_chest":2,"minecraft:polished_deepslate":2,"minecraft:ladder":2,"minecraft:iron_sword":275,"minecraft:cooked_chicken":2,"minecraft:rotten_flesh":5,"minecraft:torch":63,"born_in_chaos_v1:corpse_maggot":9,"minecraft:iron_hoe":15,"minecraft:wooden_axe":15,"graveyard:gray_urn":1,"minecraft:iron_axe":18,"minecraft:written_book":1,"minecraft:furnace":4,"minecraft:cobbled_deepslate":2,"minecraft:brown_bed":1,"minecraft:knowledge_book":7,"minecraft:water_bucket":10,"minecraft:birch_planks":25,"minecraft:stone_pickaxe":120,"minecraft:wooden_pickaxe":22,"minecraft:deepslate_bricks":2,"minecraft:polished_deepslate_slab":1,"minecraft:crafting_table":5,"minecraft:spider_eye":1,"minecraft:deepslate_tiles":1,"minecraft:bread":28,"minecraft:iron_pickaxe":403,"minecraft:stone_axe":4,"minecraft:cobblestone":184,"minecraft:cooked_porkchop":2,"minecraft:bucket":9,"minecraft:pumpkin_pie":1,"minecraft:cobweb":9},"minecraft:custom":{"lootr:looted_stat":11,"minecraft:mob_kills":61,"minecraft:interact_with_crafting_table":30,"minecraft:open_barrel":7,"minecraft:eat_cake_slice":5,"minecraft:time_since_death":4923,"minecraft:climb_one_cm":8501,"minecraft:sprint_one_cm":206395,"minecraft:walk_one_cm":284252,"minecraft:drop":37,"minecraft:talked_to_villager":1,"minecraft:play_time":124725,"minecraft:deaths":6,"minecraft:sneak_time":28389,"minecraft:walk_under_water_one_cm":15840,"minecraft:interact_with_lectern":4,"minecraft:jump":1291,"minecraft:interact_with_blast_furnace":2,"minecraft:walk_on_water_one_cm":16316,"minecraft:total_world_time":124725,"minecraft:interact_with_furnace":60,"minecraft:interact_with_loom":3,"minecraft:sleep_in_bed":1,"minecraft:time_since_rest":4950,"minecraft:damage_taken":3949,"minecraft:damage_dealt":14086,"minecraft:swim_one_cm":33764,"minecraft:fly_one_cm":195082,"minecraft:open_chest":48,"minecraft:crouch_one_cm":90008,"minecraft:fall_one_cm":17210},"minecraft:crafted":{"quark:birch_chest":2,"minecraft:furnace":3,"graveyard:dark_iron_ingot":9,"minecraft:bow":1,"minecraft:iron_boots":1,"minecraft:iron_axe":1,"minecraft:iron_hoe":1,"minecraft:stone_pickaxe":1,"minecraft:wheat":54,"minecraft:crafting_table":2,"minecraft:wooden_pickaxe":1,"minecraft:iron_helmet":1,"minecraft:iron_sword":1,"minecraft:bucket":1,"minecraft:birch_planks":100,"minecraft:stone_axe":1,"minecraft:bread":18,"minecraft:air":0,"minecraft:iron_chestplate":1,"minecraft:shield":1,"minecraft:stick":32,"minecraft:iron_ingot":33,"minecraft:iron_pickaxe":2,"minecraft:wooden_axe":1,"minecraft:gold_ingot":39,"minecraft:iron_leggings":1,"minecraft:torch":52},"minecraft:picked_up":{"minecraft:chiseled_deepslate":1,"minecraft:crafting_table":3,"minecraft:ladder":2,"minecraft:anvil":1,"minecraft:brown_bed":1,"graveyard:light_gray_urn":1,"minecraft:diamond_horse_armor":1,"minecraft:enchanted_book":3,"minecraft:brewing_stand":1,"minecraft:polished_deepslate":2,"minecraft:string":9,"minecraft:raw_copper":6,"graveyard:corruption":20,"minecraft:deepslate_tiles":7,"minecraft:cobbled_deepslate":15,"minecraft:bucket":1,"minecraft:calcite":3,"minecraft:iron_nugget":14,"graveyard:leaning_skeleton":1,"minecraft:birch_sapling":2,"minecraft:furnace":1,"minecraft:stick":3,"minecraft:raw_iron":52,"minecraft:polished_deepslate_slab":1,"minecraft:torch":15,"minecraft:diorite":3,"minecraft:redstone":16,"minecraft:tnt":3,"minecraft:rotten_flesh":7,"supplementaries:antique_ink":3,"minecraft:deepslate_bricks":3,"minecraft:hay_block":6,"graveyard:gray_urn":1,"create:asurine":19,"minecraft:gold_ingot":2,"supplementaries:ash":7,"minecraft:deepslate_brick_stairs":1,"minecraft:cobblestone":308,"minecraft:birch_log":25,"born_in_chaos_v1:corpse_maggot":10,"minecraft:water_bucket":1,"minecraft:andesite":2,"minecraft:birch_planks":3,"bewitched_brewery:ectoplasm":1,"paraglider:spirit_orb":4,"minecraft:tuff":7,"create:raw_zinc":20,"supplementaries:flax_seeds":6,"minecraft:golden_boots":1,"minecraft:gunpowder":4,"minecraft:wither_skeleton_skull":1,"minecraft:name_tag":1,"minecraft:bone":39,"minecraft:cobbled_deepslate_wall":1,"minecraft:raw_gold":6,"minecraft:cobweb":36,"minecraft:stone_pickaxe":1,"minecraft:iron_ingot":6,"minecraft:dark_oak_sign":2,"minecraft:glowstone_dust":4,"minecraft:book":45,"minecraft:spider_eye":1,"burnt:sulphur":29,"minecraft:diamond":2,"minecraft:granite":1,"minecraft:bone_meal":8,"quark:hollow_birch_log":1,"minecraft:coal":37},"minecraft:killed_by":{"graveyard:corrupted_vindicator":1,"graveyard:wraith":5},"minecraft:mined":{"create:zinc_ore":20,"realmrpg_skeletons:waterdrop_skeleton":1,"minecraft:deepslate_tiles":7,"minecraft:tuff":7,"graveyard:gray_urn":1,"burnt:sulphur_block":20,"minecraft:sculk_vein":2,"minecraft:brewing_stand":1,"minecraft:ladder":2,"minecraft:glow_lichen":1,"minecraft:granite":1,"graveyard:tg_deepslate":3,"minecraft:deepslate_bricks":3,"minecraft:spawner":2,"quark:hollow_birch_log":1,"graveyard:wither_skull_with_rib_cage":1,"minecraft:hay_block":6,"minecraft:furnace":1,"minecraft:iron_ore":37,"minecraft:andesite":2,"minecraft:chiseled_deepslate":1,"minecraft:anvil":1,"minecraft:brown_bed":1,"create:asurine":19,"minecraft:polished_deepslate":2,"minecraft:sculk_shrieker":1,"minecraft:bookshelf":16,"minecraft:polished_deepslate_slab":1,"minecraft:deepslate_iron_ore":4,"minecraft:deepslate_brick_stairs":3,"minecraft:stone":269,"minecraft:deepslate_redstone_ore":3,"graveyard:light_gray_urn":1,"minecraft:brown_stained_glass_pane":1,"minecraft:crafting_table":4,"minecraft:cobbled_deepslate_wall":1,"minecraft:calcite":3,"minecraft:sculk_sensor":9,"minecraft:copper_ore":1,"minecraft:cobblestone":41,"graveyard:lying_skeleton":1,"minecraft:sculk":3,"minecraft:diorite":3,"minecraft:wall_torch":4,"minecraft:amethyst_block":1,"supplementaries:urn":9,"minecraft:birch_planks":3,"minecraft:birch_log":25,"minecraft:birch_leaves":1,"minecraft:cracked_deepslate_tiles":1,"minecraft:coal_ore":36,"minecraft:cobweb":9,"minecraft:wither_skeleton_skull":1,"pots_and_mimics:treasure_pot":4,"minecraft:deepslate":17}},"DataVersion":3465}