{"stats":{"minecraft:dropped":{"quark:hollow_birch_log":1,"minecraft:wooden_axe":1,"minecraft:wooden_pickaxe":1},"minecraft:used":{"minecraft:wooden_axe":15,"minecraft:stone_pickaxe":19,"minecraft:wooden_pickaxe":22,"minecraft:stone_axe":1,"minecraft:cobblestone":9,"minecraft:crafting_table":2},"minecraft:custom":{"minecraft:time_since_rest":10725,"minecraft:sprint_one_cm":19053,"minecraft:damage_taken":10,"minecraft:walk_one_cm":8117,"minecraft:drop":3,"minecraft:swim_one_cm":9610,"minecraft:interact_with_crafting_table":2,"minecraft:fly_one_cm":13018,"minecraft:crouch_one_cm":4694,"minecraft:play_time":10725,"minecraft:sneak_time":2374,"minecraft:walk_under_water_one_cm":313,"minecraft:jump":64,"minecraft:time_since_death":10725,"minecraft:walk_on_water_one_cm":1447,"minecraft:total_world_time":10725,"minecraft:fall_one_cm":1463},"minecraft:crafted":{"minecraft:crafting_table":2,"minecraft:stick":8,"minecraft:wooden_pickaxe":1,"minecraft:stone_pickaxe":1,"minecraft:wooden_axe":1,"minecraft:torch":8,"minecraft:birch_planks":76,"minecraft:stone_axe":1},"minecraft:picked_up":{"minecraft:birch_log":19,"minecraft:stick":2,"minecraft:crafting_table":1,"minecraft:water_bucket":1,"minecraft:bone":1,"quark:hollow_birch_log":1,"minecraft:birch_sapling":1,"minecraft:coal":18,"minecraft:cobblestone":22},"minecraft:mined":{"quark:hollow_birch_log":1,"realmrpg_skeletons:waterdrop_skeleton":1,"minecraft:birch_log":19,"minecraft:birch_leaves":1,"minecraft:crafting_table":2,"minecraft:coal_ore":18,"minecraft:stone":22}},"DataVersion":3465}