{"stats":{"minecraft:dropped":{"quark:hollow_birch_log":1,"minecraft:andesite":1,"minecraft:wooden_axe":1,"minecraft:stone_pickaxe":1,"minecraft:wooden_pickaxe":1},"minecraft:used":{"minecraft:wooden_axe":15,"minecraft:stone_pickaxe":116,"minecraft:iron_pickaxe":58,"minecraft:wooden_pickaxe":22,"minecraft:stone_axe":2,"minecraft:torch":2,"minecraft:cobblestone":64,"minecraft:crafting_table":3,"minecraft:furnace":1},"minecraft:custom":{"minecraft:time_since_rest":22725,"minecraft:interact_with_furnace":9,"minecraft:sprint_one_cm":36209,"minecraft:damage_taken":10,"minecraft:walk_one_cm":26596,"minecraft:drop":5,"minecraft:swim_one_cm":10142,"minecraft:interact_with_crafting_table":4,"minecraft:fly_one_cm":19858,"minecraft:crouch_one_cm":16565,"minecraft:play_time":22725,"minecraft:sneak_time":7350,"minecraft:walk_under_water_one_cm":549,"minecraft:jump":216,"minecraft:time_since_death":22725,"minecraft:walk_on_water_one_cm":2956,"minecraft:total_world_time":22725,"minecraft:fall_one_cm":2001},"minecraft:crafted":{"minecraft:crafting_table":2,"minecraft:stick":24,"minecraft:iron_ingot":4,"minecraft:wooden_pickaxe":1,"minecraft:iron_pickaxe":1,"minecraft:stone_pickaxe":1,"minecraft:wooden_axe":1,"minecraft:furnace":1,"minecraft:torch":8,"minecraft:birch_planks":76,"minecraft:stone_axe":1,"minecraft:air":0},"minecraft:picked_up":{"minecraft:birch_log":19,"minecraft:raw_iron":16,"minecraft:stick":2,"minecraft:crafting_table":2,"minecraft:water_bucket":1,"minecraft:andesite":1,"minecraft:torch":11,"create:raw_zinc":20,"minecraft:raw_copper":3,"burnt:sulphur":29,"minecraft:bone":18,"minecraft:iron_ingot":6,"supplementaries:antique_ink":3,"minecraft:stone_pickaxe":1,"quark:hollow_birch_log":1,"minecraft:iron_nugget":7,"minecraft:birch_sapling":1,"minecraft:coal":36,"minecraft:cobblestone":92,"minecraft:furnace":1},"minecraft:mined":{"quark:hollow_birch_log":1,"realmrpg_skeletons:waterdrop_skeleton":1,"minecraft:furnace":1,"burnt:sulphur_block":20,"minecraft:iron_ore":16,"minecraft:birch_log":19,"minecraft:andesite":1,"minecraft:birch_leaves":1,"minecraft:glow_lichen":1,"minecraft:crafting_table":3,"minecraft:coal_ore":36,"minecraft:copper_ore":1,"minecraft:stone":92,"minecraft:wall_torch":2,"supplementaries:urn":5,"create:zinc_ore":20}},"DataVersion":3465}