{
  "idas:idas_root": {
    "criteria": {
      "always": "2024-08-08 04:43:48 +0000"
    },
    "done": true
  },
  "stellarity:dragons_den/cursed_tome/root": {
    "criteria": {
      "requirement": "2024-08-08 04:43:48 +0000"
    },
    "done": true
  },
  "player_companions:grant_book_on_first_join": {
    "criteria": {
      "tick": "2024-08-08 04:43:48 +0000"
    },
    "done": true
  },
  "stellarity:story/drop_rare_illager_loot": {
    "criteria": {
      "drop5": "2024-08-08 04:43:48 +0000",
      "drop3": "2024-08-08 04:43:48 +0000"
    },
    "done": true
  },
  "farmersdelight:main/root": {
    "criteria": {
      "seeds": "2024-08-08 04:43:48 +0000"
    },
    "done": true
  },
  "stellarity:cursed_tome/spellbooks/conveyance": {
    "criteria": {
      "requirement": "2024-08-08 04:43:48 +0000"
    },
    "done": true
  },
  "create:root": {
    "criteria": {
      "0": "2024-08-08 04:43:48 +0000"
    },
    "done": true
  },
  "majruszsdifficulty:game_stage_normal": {
    "criteria": {
      "is_triggered": "2024-08-08 04:43:48 +0000"
    },
    "done": true
  },
  "stellarity:cursed_tome/root": {
    "criteria": {
      "requirement": "2024-08-08 04:43:48 +0000"
    },
    "done": true
  },
  "repurposed_structures:root": {
    "criteria": {
      "always": "2024-08-08 04:43:48 +0000"
    },
    "done": true
  },
  "stellarity:cursed_tome/spellbooks/updraft": {
    "criteria": {
      "requirement": "2024-08-08 04:43:48 +0000"
    },
    "done": true
  },
  "stellarity:cursed_tome/spellbooks/light": {
    "criteria": {
      "requirement": "2024-08-08 04:43:48 +0000"
    },
    "done": true
  },
  "beautify:progression/root": {
    "criteria": {
      "Install": "2024-08-08 04:43:48 +0000"
    },
    "done": true
  },
  "stellarity:dragons_den/cursed_tome/items/spellbooks/unlock_conveyance": {
    "criteria": {
      "requirement": "2024-08-08 04:43:48 +0000"
    },
    "done": true
  },
  "mowziesmobs:root": {
    "criteria": {
      "custom_test_name": "2024-08-08 04:43:48 +0000"
    },
    "done": true
  },
  "stellarity:cursed_tome/spellbooks/natures_wrath": {
    "criteria": {
      "requirement": "2024-08-08 04:43:48 +0000"
    },
    "done": true
  },
  "lootr:root": {
    "criteria": {
      "always_true": "2024-08-08 04:43:48 +0000"
    },
    "done": true
  },
  "stellarity:dragons_den/cursed_tome/items/spellbooks/unlock_updraft": {
    "criteria": {
      "requirement": "2024-08-08 04:43:48 +0000"
    },
    "done": true
  },
  "eeeabsmobs:eeeabsmobs/root": {
    "criteria": {
      "requirement": "2024-08-08 04:43:48 +0000"
    },
    "done": true
  },
  "seadwellers:adv_root": {
    "criteria": {
      "adv_root": "2024-08-08 04:43:48 +0000"
    },
    "done": true
  },
  "born_in_chaos_v1:bornin_chaos": {
    "criteria": {
      "bornin_chaos_0": "2024-08-08 04:43:48 +0000"
    },
    "done": true
  },
  "betterdeserttemples:root": {
    "criteria": {
      "always": "2024-08-08 04:43:48 +0000"
    },
    "done": true
  },
  "cosmeticarmoursmod:cosmetic_armours_achievement": {
    "criteria": {
      "cosmetic_armours_achievement_0": "2024-08-08 04:43:48 +0000"
    },
    "done": true
  },
  "rats:root": {
    "criteria": {
      "tick": "2024-08-08 04:43:48 +0000"
    },
    "done": true
  },
  "cataclysm:root": {
    "criteria": {
      "custom_test_name": "2024-08-08 04:43:48 +0000"
    },
    "done": true
  },
  "irons_spellbooks:grant_patchouli": {
    "criteria": {
      "tick": "2024-08-08 04:43:48 +0000"
    },
    "done": true
  },
  "stellarity:dragons_den/cursed_tome/items/spellbooks/unlock_light": {
    "criteria": {
      "requirement": "2024-08-08 04:43:48 +0000"
    },
    "done": true
  },
  "vinery:main/root": {
    "criteria": {
      "seeds": "2024-08-08 04:43:48 +0000"
    },
    "done": true
  },
  "minecraft:adventure/adventuring_time": {
    "criteria": {
      "minecraft:river": "2024-08-08 05:37:52 +0000",
      "minecraft:forest": "2024-08-08 05:19:00 +0000",
      "minecraft:old_growth_birch_forest": "2024-08-08 04:43:49 +0000",
      "minecraft:meadow": "2024-08-08 05:23:01 +0000"
    },
    "done": false
  },
  "regions_unexplored:parent": {
    "criteria": {
      "load_in_world": "2024-08-08 04:43:49 +0000"
    },
    "done": true
  },
  "stellarity:events/items/spellbooks/natures_wrath/been_to_forest": {
    "criteria": {
      "4": "2024-08-08 04:44:13 +0000"
    },
    "done": true
  },
  "lootr:1chest": {
    "criteria": {
      "opened_chest": "2024-08-08 05:25:37 +0000"
    },
    "done": true
  },
  "minecraft:story/obtain_armor": {
    "criteria": {
      "iron_helmet": "2024-08-08 05:25:17 +0000"
    },
    "done": true
  },
  "lootr:social": {
    "criteria": {
      "opened_barrel": "2024-08-08 05:25:07 +0000",
      "opened_chest": "2024-08-08 05:25:37 +0000"
    },
    "done": false
  },
  "paraglider:root": {
    "criteria": {
      "crafting_table": "2024-08-08 05:16:17 +0000"
    },
    "done": true
  },
  "minecraft:story/deflect_arrow": {
    "criteria": {
      "deflected_projectile": "2024-08-08 05:49:15 +0000"
    },
    "done": true
  },
  "majruszsdifficulty:bleeding_inflicted": {
    "criteria": {
      "bleeding_applied": "2024-08-08 05:32:26 +0000"
    },
    "done": true
  },
  "minecraft:story/iron_tools": {
    "criteria": {
      "iron_pickaxe": "2024-08-08 05:24:38 +0000"
    },
    "done": true
  },
  "tetra:recipes/planks": {
    "criteria": {
      "got_wood": "2024-08-08 05:16:02 +0000"
    },
    "done": true
  },
  "vinery:main/wild_crops": {
    "criteria": {
      "red_grape_seeds": "2024-08-08 05:48:30 +0000"
    },
    "done": true
  },
  "minecraft:story/mine_stone": {
    "criteria": {
      "get_stone": "2024-08-08 05:16:36 +0000"
    },
    "done": true
  },
  "lootr:10loot": {
    "criteria": {
      "loot_stat": "2024-08-08 05:29:43 +0000"
    },
    "done": true
  },
  "minecraft:story/upgrade_tools": {
    "criteria": {
      "stone_pickaxe": "2024-08-08 05:17:47 +0000"
    },
    "done": true
  },
  "lootr:1barrel": {
    "criteria": {
      "opened_barrel": "2024-08-08 05:25:07 +0000"
    },
    "done": true
  },
  "player_companions:crafting/craft_lead": {
    "criteria": {
      "crafting_table": "2024-08-08 05:16:17 +0000"
    },
    "done": true
  },
  "minecraft:story/smelt_iron": {
    "criteria": {
      "iron": "2024-08-08 05:45:05 +0000"
    },
    "done": true
  },
  "farmersdelight:main/harvest_straw": {
    "criteria": {
      "harvest_straw": "2024-08-08 05:34:56 +0000"
    },
    "done": true
  },
  "minecraft:story/shiny_gear": {
    "criteria": {
      "diamond_helmet": "2024-08-08 05:40:26 +0000"
    },
    "done": true
  },
  "minecraft:adventure/sleep_in_bed": {
    "criteria": {
      "slept_in_bed": "2024-08-08 05:41:33 +0000"
    },
    "done": true
  },
  "minecraft:adventure/root": {
    "criteria": {
      "killed_something": "2024-08-08 05:29:25 +0000"
    },
    "done": true
  },
  "minecraft:adventure/kill_all_mobs": {
    "criteria": {
      "minecraft:skeleton": "2024-08-08 05:38:19 +0000",
      "minecraft:spider": "2024-08-08 05:49:24 +0000",
      "minecraft:husk": "2024-08-08 05:29:25 +0000"
    },
    "done": false
  },
  "beautify:blinds": {
    "criteria": {
      "requirement": "2024-08-08 05:16:11 +0000"
    },
    "done": true
  },
  "minecraft:adventure/kill_a_mob": {
    "criteria": {
      "minecraft:husk": "2024-08-08 05:29:25 +0000"
    },
    "done": true
  },
  "beautify:iron_blinds": {
    "criteria": {
      "requirement": "2024-08-08 05:45:05 +0000"
    },
    "done": true
  },
  "farmersdelight:main/craft_knife": {
    "criteria": {
      "iron_knife": "2024-08-08 05:33:41 +0000"
    },
    "done": true
  },
  "vinery:main/crop_collector": {
    "criteria": {
      "vinery:red_grape_seeds": "2024-08-08 05:48:30 +0000"
    },
    "done": false
  },
  "player_companions:crafting/root": {
    "criteria": {
      "crafting_table": "2024-08-08 05:16:17 +0000"
    },
    "done": true
  },
  "beautify:frames": {
    "criteria": {
      "requirement": "2024-08-08 05:32:24 +0000"
    },
    "done": true
  },
  "minecraft:husbandry/balanced_diet": {
    "criteria": {
      "bread": "2024-08-08 05:24:47 +0000"
    },
    "done": false
  },
  "beautify:trellis": {
    "criteria": {
      "requirement": "2024-08-08 05:16:11 +0000"
    },
    "done": true
  },
  "minecraft:husbandry/root": {
    "criteria": {
      "consumed_item": "2024-08-08 05:24:47 +0000"
    },
    "done": true
  },
  "aquamirae:adventure/root": {
    "criteria": {
      "crafting_table": "2024-08-08 05:16:17 +0000"
    },
    "done": true
  },
  "minecraft:story/root": {
    "criteria": {
      "crafting_table": "2024-08-08 05:16:17 +0000"
    },
    "done": true
  },
  "DataVersion": 3465
}